pathway	001_post	001_pre	002_post	002_pre	003_post	004_pre	005_post	005_pre	006_post	006_pre	007_post	007_pre	008_post	008_pre	009_post	009_pre	010_post	010_pre	011_post	011_pre	012_post	012_pre	DNA_BLANK2	PCR_BLANK2
1CMET2-PWY	19505.91861	18064.26672	10825.54052	18993.34054	22342.12222	28626.11819	29038.27428	19903.60781	29296.85424	21660.06982	25659.00357	28038.69173	17821.52442	24418.38259	26285.14879	11935.50559	14624.89112	14760.25675	26319.7139	30918.05114	14914.58941	29077.34857	4362.7986	1370.056151
3-HYDROXYPHENYLACETATE-DEGRADATION-PWY	0	0	40.3460933	0	94.88960552	93.57506933	40.6017037	74.21100289	59.05345405	17.87709082	57.65099436	30.20199178	0	52.31705468	75.95757739	0	46.64367517	0	34.94376982	80.97942789	80.35044615	47.22657254	50.30770101	0
ALL-CHORISMATE-PWY	558.8302342	98.23681082	899.144533	5350.172991	1675.285341	1789.428578	960.3215197	2065.569839	2443.745752	770.5771243	1158.024049	616.5130884	248.9135307	1159.558072	1559.688848	445.5081001	1187.092532	417.8423241	1185.055058	3813.835794	1509.424775	1047.548102	678.80506	39.24658914
ANAEROFRUCAT-PWY	15445.10287	15201.59299	14307.04701	23019.7453	19544.10493	25055.61444	30739.62638	20940.64635	27539.07087	20461.42111	22673.5825	27534.16183	15274.83823	22701.7991	25552.81456	11601.45265	12886.12225	12260.63242	19556.36226	30228.88749	12316.30699	22779.10212	4197.418496	969.6072556
ANAGLYCOLYSIS-PWY	25439.77371	23816.65128	15281.36584	25437.45022	29044.35366	33832.48236	36679.4139	27229.61309	33725.41221	25717.03006	32219.87694	33039.82418	22251.24831	31807.80382	33043.59893	15852.62399	18728.91651	18717.25533	31796.64961	37537.91987	19557.38337	36927.84894	5377.807191	1747.696423
ARG+POLYAMINE-SYN	4053.167489	2354.280184	2708.020792	7618.101657	5371.070328	4479.382263	2705.362781	6739.472044	4940.335676	2160.618863	3294.670938	2709.982769	3036.995593	6122.028976	5611.853723	3220.05947	5355.619579	5753.072076	1776.131395	4315.655118	4163.297463	5441.735851	1307.556745	174.7466177
ARGDEG-PWY	173.9556835	6.206310414	334.0780228	3323.567469	708.9818733	706.1716536	390.1750227	524.2857287	990.9843425	273.3852669	350.3925321	219.2320267	87.35649707	396.9067496	536.6905375	149.894537	416.8993035	68.05849518	252.2635417	1093.218115	605.0515208	402.6634073	306.3095567	19.65666379
ARGORNPROST-PWY	1277.780242	2598.805086	2319.404951	4392.894502	2793.56062	2629.543503	2230.926434	2903.75384	1243.010227	1050.23105	2132.591481	1930.012577	3228.933201	5211.647529	2954.606701	1730.426742	2212.498095	2212.538619	1657.4041	6049.87794	1554.050492	1846.082827	829.8180123	113.0159567
ARGSYN-PWY	18174.58232	16984.68689	8308.351038	14165.15133	21398.76954	26017.46554	28067.70637	16723.57264	25099.19647	20297.02879	23216.93521	22186.386	15871.28237	20344.31948	22323.40817	10932.78867	12792.33401	13754.49069	25197.43763	26581.85955	14171.58136	28240.56252	3737.406177	1252.459271
ARGSYNBSUB-PWY	18079.50438	17079.46156	8203.885659	13973.42529	21358.16215	25996.58712	28301.98894	16563.20285	24769.03175	20680.84615	23182.38629	21495.16858	15866.34401	20245.63647	21550.88642	10942.10831	12864.61473	14087.65838	25115.59429	25614.90768	14492.68113	28460.71474	3747.343462	1280.427416
ARO-PWY	23123.34815	21887.40707	13190.87181	22771.99026	26969.35169	32225.39698	36024.91216	21655.83616	31570.83573	25422.11945	29720.2215	29114.0015	20781.01287	29586.77108	29719.93368	14161.29111	16891.74351	17228.08863	29238.77117	32685.60138	18659.57824	34273.68076	4913.211713	1629.059831
ASPASN-PWY	17238.29699	15320.5223	9036.246701	16710.33977	19838.38341	26270.57444	23208.59813	17231.57235	26466.07731	16204.00773	23812.93395	27867.66864	16661.71639	24341.05957	25095.30382	10970.99131	14470.7492	14437.85093	23639.21125	28029.11864	12029.66745	26287.79231	4040.228447	1073.639846
AST-PWY	96.67	2.67	177.17	2236.33	441.83	427.17	242.83	301.96	677.5	158.67	190	117	43	209.17	259.67	81.67	214.17	30	134.5	527.5	393.17	221.33	203.17	11.67
BIOTIN-BIOSYNTHESIS-PWY	7686.144003	4896.612344	3204.528218	7808.119383	6265.512404	15819.23367	4513.74587	9040.627082	19184.22652	6448.120767	11977.66325	21238.54212	9078.819313	9393.48265	15589.18294	3838.286288	6321.327005	6736.73213	12172.42754	22532.11427	3276.470656	9832.034623	2281.421106	173.7320363
BRANCHED-CHAIN-AA-SYN-PWY	23686.92732	22056.37981	8814.259437	15949.481	27416.50836	32716.74734	36077.10044	23850.25721	32774.70103	25460.41156	30217.70635	30739.16674	19507.73911	24806.3919	31068.4539	14758.65637	16637.75117	16585.10046	30435.92347	34523.1137	17862.72301	35215.59265	4925.900043	1642.659087
CALVIN-PWY	25876.06068	24314.56666	16420.93649	28970.57649	30906.2707	36255.53681	37385.40367	30027.63203	34852.89193	26195.1966	33428.8922	33905.56977	22776.97464	34708.04017	33872.01214	15665.06572	20281.84757	20267.50739	32499.44949	37628.84148	21018.50559	37675.68046	5998.1849	1886.868482
CENTFERM-PWY	714.7574175	225.1712361	926.8708572	3033.178235	2255.718151	2900.618223	1279.803045	2298.60086	3617.099005	1174.396695	1873.516026	1058.966696	709.7288353	1584.522055	2856.099916	652.048262	1285.276319	287.7551263	1226.533065	5266.251166	1570.318891	1817.443078	887.5351196	77.35848407
COA-PWY	19258.21653	18003.82765	14409.45665	21969.64622	23209.11772	27145.14061	28517.3084	18634.2053	26813.03782	20306.43573	25014.62185	26022.89724	17700.18603	26849.09823	26792.24522	12209.17852	15520.29071	16235.63594	24701.45131	29158.06827	15278.98025	28755.67483	4054.007298	1316.991018
COBALSYN-PWY	18064.97952	16987.53899	8996.335106	14019.81209	21136.69362	25146.84294	26877.75981	18405.12413	24989.0602	17798.84549	23483.84303	24237.92577	15163.94177	19041.06971	25509.66422	11467.5771	11608.78521	10990.57314	23124.91133	24288.91156	14317.10799	28042.89626	3692.39651	1301.682943
CODH-PWY	304.1388188	223.2580516	1064.989597	1961.342709	559.6308297	1147.239438	514.0740625	490.474975	314.0980396	126.2773854	187.2837451	1122.845992	1020.985501	3014.794097	895.0316869	227.8601103	309.3215406	1561.563421	162.1303148	1128.231248	171.6820254	795.2184031	43.75352274	0
COLANSYN-PWY	8037.83172	6053.993249	5818.017996	8341.998533	8640.50661	10253.32126	7673.470669	10114.87208	12518.34849	6336.778612	11107.15253	10857.66658	6963.520838	11665.11058	13505.18521	4381.566606	8248.076999	7173.329908	8493.659472	16908.55322	3976.424562	10209.78331	1997.02681	249.1284943
COMPLETE-ARO-PWY	24085.49731	22785.17081	13322.60964	23301.59925	28054.11714	33519.47794	37507.10196	22533.32893	32998.56452	26451.05507	30860.27079	30506.79246	21454.50403	30326.69033	30846.16277	14776.06017	17463.56537	17861.45466	30605.97119	34372.66813	19360.70281	35687.51594	5079.073107	1699.004796
DAPLYSINESYN-PWY	21758.4684	21151.75666	7786.864499	15493.00644	23547.29062	28334.57775	34916.62429	20297.42868	28561.50411	24616.25215	26871.41736	23947.06601	18020.77867	22111.46331	23948.36156	11997.66087	14285.48579	14501.44842	27159.34956	28080.49398	17468.5827	32128.05731	4580.196022	1583.054606
DENOVOPURINE2-PWY	10276.84205	8559.423711	6633.639948	13385.29738	10943.65512	20372.32139	9959.384738	14054.23889	22286.06062	10178.37343	16187.93301	23161.63572	12880.07311	16792.72945	21314.45747	7410.078766	10836.7752	11068.31993	16071.06218	27876.79074	7679.794221	15231.24074	3319.415368	417.4954638
DTDPRHAMSYN-PWY	22735.53212	20003.20763	8237.509536	17013.59533	23981.5593	29583.19483	33137.83682	24177.85724	34040.64317	24361.68714	27639.82703	29893.52772	18031.52913	21602.14615	27717.03663	12294.35564	14945.12657	14166.30773	30121.96079	35730.73407	16800.81759	33087.40214	5264.461685	1485.133247
ECASYN-PWY	219.7719011	6.641670364	350.8048753	3550.477294	863.9349202	847.4402117	466.955935	703.0309038	1176.163919	319.5462283	393.1112711	264.8599581	94.07266642	437.3155252	543.7759784	177.4022352	412.1104739	66.3397416	272.3918423	1050.132889	705.5462844	454.1151489	357.3070888	22.38829618
ENTBACSYN-PWY	485.8233647	14.21421195	781.3228339	6051.000896	1948.233234	1720.475668	1142.261433	1591.339707	2717.451845	1006.923512	896.9315514	576.8329066	221.5358195	1009.746743	1245.367231	404.9608742	970.7342962	156.4312638	673.8111566	2274.292598	1543.152282	1069.852055	669.2540025	52.20299944
FAO-PWY	324.2613813	92.542338	555.1091791	6064.757344	1397.964048	1549.292348	708.0411301	1473.056762	2048.044968	614.1400715	809.8984004	467.8835636	226.6169934	781.0760628	1318.564244	363.1332705	638.2977036	141.5208709	605.6326192	2242.180631	1197.918791	816.0475772	593.8206305	36.30726354
FASYN-ELONG-PWY	10268.34968	7142.740396	6714.737077	11665.87319	13499.3375	24188.08281	6208.437561	13120.97298	28971.68179	10487.35346	16560.59048	28784.20838	13631.20969	14799.39083	25185.90946	6359.498624	13672.28926	14487.78608	20733.09387	32250.0204	5457.245438	14630.68695	3122.91881	310.1307245
FASYN-INITIAL-PWY	7330.808238	4646.034861	1863.79159	6278.290033	9801.657272	17998.11115	4090.424451	8705.699575	22708.98633	7389.767575	11895.23947	21438.92988	9987.201101	10307.70945	19255.27327	4558.406201	10789.14748	11600.12848	15726.21525	25625.34747	2972.025384	10328.91825	2317.032869	131.0167447
FERMENTATION-PWY	13567.79546	9992.686415	7726.169837	15705.90639	12854.12615	22996.11994	14418.20915	16229.38622	25264.31325	10978.11254	19480.99719	21529.25185	14102.97489	17844.37776	22025.89989	7398.303942	10877.55242	11148.38555	19423.80997	25673.51869	6903.056927	17857.27616	3257.218002	405.0260116
FOLSYN-PWY	16809.51363	15476.83136	11998.16452	19891.37927	18902.11204	25549.51507	25604.27559	17471.26047	26250.72076	17650.54285	22310.32412	24972.37941	15524.88596	23146.55677	23288.17678	10365.00157	13745.32522	13816.81761	22183.56543	29121.34201	12559.22596	23459.80795	3986.983267	1195.145122
FUC-RHAMCAT-PWY	5877.926977	4391.175024	2318.405484	6255.328433	5965.182847	10652.0929	7504.041691	9279.291481	12911.87899	7722.065763	9294.774718	9515.632197	5982.660508	7454.572142	6847.089182	3564.088329	4111.618193	2897.308299	8763.950625	10909.12858	4360.858572	9640.368456	2000.010497	477.1421802
FUCCAT-PWY	6860.254453	6558.535298	3033.552635	7311.707076	6080.703537	9454.834952	15562.0774	8897.441133	10076.8674	10125.31139	9487.010918	6208.277436	5397.434967	7276.961492	5797.059753	3288.164085	3537.182082	2624.352434	7797.556664	7486.161763	7247.371715	9428.478055	1989.2731	734.6659109
GALACT-GLUCUROCAT-PWY	9415.684766	8621.335617	2897.247277	7466.181025	9093.189325	14195.02565	10349.62124	12821.27571	14411.96193	8806.309124	11871.6754	12544.77309	8495.833281	9476.407806	9708.688016	4591.859932	5699.433539	4257.698759	12595.06525	13244.53826	6469.199894	13010.78563	2818.735305	700.9046713
GALACTARDEG-PWY	384.9780664	293.7142955	209.7085853	305.4337698	494.0617775	329.8758551	210.0507164	3079.01885	460.2982262	543.9029883	230.0130738	252.3794932	44.68415558	301.7903141	256.1739325	182.883321	253.7253727	253.8705883	266.3753874	298.5071816	188.9189621	72.2847234	91.8084248	0
GALACTUROCAT-PWY	10552.79977	9242.760484	3268.43963	8258.244205	10873.16643	17298.84565	10636.0814	15201.66852	17465.16813	9223.702245	14068.2653	17210.97554	9897.011201	12452.62721	13983.37779	5581.07489	7853.067966	6020.99115	15415.82011	18931.15132	7130.184866	14625.68495	3289.589056	725.2892711
GLCMANNANAUT-PWY	14486.47651	13233.25409	5106.619284	11849.01774	13253.64622	20910.94083	21547.62642	17198.08432	18386.59146	16207.34766	17493.4256	14299.21756	11055.5296	14471.66828	14216.90675	7935.02433	8063.184715	6627.669604	16591.76797	19094.05803	11286.23005	20773.14425	3646.994189	1227.266026
GLUCARDEG-PWY	439.5337102	310.9660151	558.8167124	2969.219729	1033.870268	1223.326766	571.0440281	4751.970758	1373.736673	1009.385013	795.4641708	589.6757851	183.5583442	772.3058135	839.2551894	359.9733521	488.4195815	284.971682	754.6043125	1125.552946	743.226972	559.8845925	414.6042648	20.39922181
GLUCARGALACTSUPER-PWY	384.9780664	293.7142955	209.7085853	305.4337698	494.0617775	329.8758551	210.0507164	3079.01885	460.2982262	543.9029883	230.0130738	252.3794932	44.68415558	301.7903141	256.1739325	182.883321	253.7253727	253.8705883	266.3753874	298.5071816	188.9189621	72.2847234	91.8084248	0
GLUCONEO-PWY	19934.42144	17157.5151	13000.56038	20900.85411	21322.10981	29300.62008	18883.97856	21613.56301	29353.56186	18840.09599	26597.59082	28150.39675	18798.74699	26260.56774	27808.12271	11475.45315	15370.22913	15451.61687	26632.69527	32321.25275	12982.37078	28204.40106	4563.447592	942.1677579
GLUCOSE1PMETAB-PWY	593.5858295	1023.578027	1109.77249	4678.581551	1517.546046	1010.116447	770.9933553	1011.170215	4332.815263	4061.340305	717.8704895	497.9105709	237.3634355	551.360654	1131.531921	875.1531989	581.9041189	196.590223	780.2840195	1367.082832	1608.759558	876.9434565	465.9291555	42.85050837
GLUCUROCAT-PWY	10205.16666	9830.907907	3292.513433	8202.675705	9677.076377	14637.39065	11430.52793	13049.66888	14869.60837	10656.62297	12349.15237	11863.84835	8972.137791	9752.612794	9270.716914	4873.761123	5633.032289	4300.185631	13115.12859	12618.05349	7385.687143	14293.7088	2925.682248	814.8263497
GLUTORN-PWY	16140.67764	15079.61999	6065.126902	10753.95614	18502.11477	23840.91781	25264.96789	14946.729	23025.62656	19821.47478	20987.15727	19770.61119	14309.62831	17164.43183	18303.56041	9386.521296	11722.91956	12454.02948	22671.47592	22597.96757	12878.51536	25270.10903	3392.238802	1167.698495
GLYCOCAT-PWY	28483.71535	27219.14793	13177.21331	22821.97288	31546.42345	38659.45756	45705.35942	27845.85035	36843.06213	29723.72888	36932.89206	38107.96296	24051.63681	32895.93454	35832.27058	17174.17845	20026.01977	18262.45091	35594.87386	38630.1881	22415.7392	43490.1698	5966.262046	2122.312414
GLYCOGENSYNTH-PWY	27384.50837	25797.84131	13806.27872	22888.71873	30840.68243	35316.69998	44196.25161	23810.61043	35958.96318	30686.48407	34118.38159	33426.53592	22926.15087	31453.30749	33170.27265	16331.52609	19159.85022	19427.00571	33680.69672	35891.08027	21052.75622	41372.09042	5278.31639	1995.70319
GLYCOL-GLYOXDEG-PWY	366.0234239	119.2611313	500.9037643	3716.463776	1306.905395	1398.898342	730.6234967	1061.766955	2342.135354	567.7079041	698.6913925	492.6885161	191.4396091	823.6391595	1277.597418	276.6853288	656.5773801	116.1821285	515.8280939	1950.587891	950.1929225	790.2184613	574.0078813	35.63936561
GLYCOLYSIS	17772.9155	17430.37616	15776.08759	25371.76405	22241.9546	28409.10672	33369.06823	22558.00234	31244.1521	22673.2488	25770.31586	31245.30692	17614.18849	25706.78499	28804.12574	12951.44688	14784.69435	14268.85823	23087.4143	34268.7563	14077.61992	26198.12544	4646.160285	1126.843575
GLYCOLYSIS-E-D	4185.14281	2894.422383	6411.876435	12715.16069	5658.951673	6286.774305	9067.442937	10309.29073	4538.917958	1856.628772	3141.65474	4739.271733	4665.807912	10473.51607	5466.11277	2395.721313	3467.928142	4422.790966	3367.346145	6260.296834	3380.079408	4685.93473	1252.863674	104.9378259
GLYCOLYSIS-TCA-GLYOX-BYPASS	715.6814112	494.698857	1960.523143	9229.101199	2580.85791	2646.005244	1553.739643	1901.244837	3267.45281	938.3034441	1158.04693	943.4791794	583.209159	2601.709951	3797.807318	834.3470329	1414.530653	457.3507719	1246.878049	5188.393445	1968.391942	1403.022285	899.6493191	65.50115082
GLYOXYLATE-BYPASS	382.6310142	120.6404789	698.6938156	6348.092089	1619.349233	1638.248564	880.6987863	1142.581351	2457.799327	593.1863361	742.8489824	500.075953	194.0927851	885.3744713	1598.226265	316.2081098	816.6221786	122.2943308	528.3356536	2043.03063	1331.788411	854.6798365	697.5226835	44.3997418
GOLPDLCAT-PWY	75.5980199	94.2576597	88.7217008	140.6481724	176.1365775	67.3725563	219.0280748	287.1672674	222.2491307	263.1713758	126.7221735	103.2284382	28.43249478	139.188526	90.91363719	255.886841	55.98170695	0	234.3556846	202.6018111	95.89236811	78.19970638	42.02738677	6.769735953
HCAMHPDEG-PWY	0	0	75.49501868	0	68.18181818	75.81818182	33.27272727	39.27272727	42	0	41.45454545	24	0	33.27272727	51.27272727	0	36.54545455	0	20.18181818	45.27272727	66	36	37.63636364	0
HEME-BIOSYNTHESIS-II	170.119411	1021.080441	3657.641587	4240.077633	1077.768121	716.8307474	389.5383055	461.7598647	933.0321906	260.9008198	297.9612662	282.0712828	646.3072827	2640.642749	1291.273086	196.760919	581.8575088	695.902558	224.970303	3916.350992	548.8631948	374.2798661	273.1072964	23.47342436
HEMESYN2-PWY	714.0449203	1629.279132	6151.224504	8867.738174	1300.990769	2263.528492	1649.268188	994.2246687	1592.881584	739.3450149	1233.689007	1653.683507	1647.073896	3954.319129	3483.643523	885.6183998	811.5016862	760.9573965	691.3450759	6343.7434	1043.945798	1575.60291	604.2024315	68.22220369
HEXITOLDEGSUPER-PWY	4141.558233	4188.166381	3640.666697	7406.516993	4459.347097	3218.349056	3390.151218	3838.379658	3732.688007	2768.642807	2491.194977	3472.645175	3569.61649	8039.040219	3771.902624	2308.719278	3171.236575	3495.186199	3946.502089	8278.251125	2764.027076	3951.036334	1030.454742	233.5520333
HISDEG-PWY	3862.60165	2301.048356	5639.285295	6339.017684	2968.325065	8135.196664	3244.111654	6671.412816	9266.854192	2867.54676	6463.314899	11730.19815	5796.974902	8590.109022	9156.918967	2382.178963	3753.428241	2852.786234	6416.531348	14199.33006	1403.090336	4857.353913	1219.482897	88.83840891
HISTSYN-PWY	19503.12064	18040.85546	6089.933502	11071.46878	22674.66115	26865.65454	27704.46981	18511.51833	26610.98933	19971.03371	25375.48525	26404.35618	16113.94596	19035.43078	26146.65324	11771.57085	14015.2368	14072.71673	25242.75574	29224.41784	15095.62636	29430.69899	3921.219888	1287.054159
HOMOSER-METSYN-PWY	7974.321363	8238.923561	6160.405729	10683.14472	8870.94957	6346.702993	13055.00285	5453.629326	10013.46752	10616.49333	5920.954797	5915.40024	7771.111342	11403.5359	8816.229267	3967.541054	6047.78408	7992.463023	8853.686558	15266.3299	5573.956839	10161.02788	1685.247908	450.8199627
HSERMETANA-PWY	8602.406081	9034.855392	7338.364486	11980.15301	9535.135072	6625.577955	14268.5186	5797.395186	10715.26356	11769.42442	6194.287207	6171.596451	8494.590821	12418.38194	9381.574916	4207.220747	6440.534559	8705.899616	9470.870191	17081.56574	6010.171381	10861.12397	1820.787106	482.6925335
ILEUSYN-PWY	25187.35326	23852.9233	9675.959787	17840.42973	29237.75471	34879.64132	39964.57172	26380.55838	35310.37225	27819.39039	31969.16783	32298.41904	20596.45117	27382.166	32577.42935	15666.0853	18141.71856	18104.6549	32192.15516	36364.65975	18803.83177	37339.70025	5327.816725	1765.608202
KDO-NAGLIPASYN-PWY	741.9634911	21.14954689	790.3259058	4136.084612	1984.745085	2453.311837	898.4239963	1857.788625	3468.672274	918.0526004	1226.907541	939.1421163	320.9066275	1371.221218	1686.376085	538.0630653	2864.203201	4444.486042	910.7221788	3186.146505	1161.927948	1406.369843	700.5573317	39.52365076
KETOGLUCONMET-PWY	0	0	0	0	0	0	0	20.30978755	0	15.72900876	0	0	0	0	0	0	0	0	0	0	0	0	0	0
LACTOSECAT-PWY	485.47347	1502.485178	2641.696595	2699.410077	485.0003782	579.3223481	166.5371101	415.8329854	401.5953709	613.9151841	281.4055658	423.285317	1102.137835	1878.184492	954.5261174	475.0530088	610.4328876	1070.384095	310.2536882	3493.918759	458.7100836	743.1166147	186.1905536	35.38143286
LEU-DEG2-PWY	0	0	0	0	0	0	0	0	0	0	0	0	0	0	198.0031114	0	0	0	0	0	0	0	0	0
LPSSYN-PWY	0	0	141.131124	0	301.1780791	340.2695141	145.0502728	229.2205004	198.0782148	41.47991534	185.5058788	110.1175231	0	152.4774095	231.3496748	0	171.7201466	0	93.11154307	212.6427427	269.6043868	163.9174042	155.5683795	0
MET-SAM-PWY	10482.72425	10711.31501	8452.478237	14455.94155	11751.42519	8969.086061	17105.90846	7601.200221	13477.15718	13561.65042	8328.850984	8397.81091	10139.84007	15166.91275	11979.23537	5432.671905	8051.141329	10319.99876	11867.94925	19608.97051	7429.278547	13640.18702	2232.350387	608.6641086
METH-ACETATE-PWY	12012.61334	12531.45974	4642.735971	7905.327408	11821.57696	14095.93519	27281.68247	10326.51091	15807.68917	15255.44128	16011.56036	10833.63007	9050.675659	10373.40268	10512.36646	5711.675579	7293.568806	5300.0756	14113.81603	11657.71657	12185.16193	15473.35394	2998.97661	1132.634804
METHGLYUT-PWY	180.0554191	6.611132709	350.2196444	3201.651475	720.6090392	714.9517803	398.5309839	561.1740865	1062.936354	279.0506992	340.3044126	222.7602313	102.3330206	480.8358792	515.3961525	166.4343082	341.9195906	69.98427447	230.5938028	980.0897115	561.4095439	382.0674951	298.5779264	19.3387746
NAD-BIOSYNTHESIS-II	969.0103878	1236.416226	594.7705591	4153.009441	2041.89981	1747.646537	3058.286991	1607.490212	1758.715009	570.1434919	1296.172803	1335.029868	802.4605511	930.2176717	1449.19919	930.1520998	1183.447665	831.9034326	1481.077948	1603.874185	1391.925271	1601.513173	579.307762	100.114551
NAGLIPASYN-PWY	3981.509053	2015.835113	3173.909075	5753.541348	4242.080997	8215.723791	1581.957947	7256.614888	9169.106936	2451.324916	5964.546378	11792.46258	4664.689149	6586.791683	8354.242016	1920.898795	6016.834102	5998.364118	5609.016498	11288.83087	1723.996162	4725.916999	1068.786262	73.66182976
NONMEVIPP-PWY	21048.95334	18870.34641	11871.45799	19987.66505	25012.47104	29760.28934	30193.35954	20034.92906	30178.36255	21874.10677	27612.79446	29034.00963	18723.75176	26621.37944	28985.18465	13276.99947	16354.88701	16385.35518	27885.35799	31709.08668	16101.00276	31378.58128	4412.647501	1408.07822
NONOXIPENT-PWY	32604.2626	29976.94407	19128.67234	32027.30975	37175.7422	44352.70787	44239.43926	36723.33043	43547.95766	34169.51304	41279.84364	41845.11382	28449.63723	41960.1934	41614.01885	19878.35635	23443.7201	23730.85063	40786.80756	46628.86245	23921.00103	48350.16211	7326.948943	2210.842277
OANTIGEN-PWY	14192.84293	13206.5765	9250.915495	16932.01255	19055.17877	16858.21512	23051.42629	14158.31767	19034.51363	14568.25012	18542.18989	17436.08455	12191.44751	19870.02123	21431.98799	10315.90284	11600.46888	12729.56117	18362.51703	22210.54702	12288.84916	22828.09749	2943.588536	913.8936989
ORNARGDEG-PWY	173.9556835	6.206310414	334.0780228	3323.567469	708.9818733	706.1716536	390.1750227	524.2857287	990.9843425	273.3852669	350.3925321	219.2320267	87.35649707	396.9067496	536.6905375	149.894537	416.8993035	68.05849518	252.2635417	1093.218115	605.0515208	402.6634073	306.3095567	19.65666379
ORNDEG-PWY	177.2922455	5.313580032	270.1685721	2451.845694	682.0762031	620.6743122	330.9899525	535.1706614	730.7140428	204.609203	295.258216	196.9526387	79.43161634	378.5805546	441.5094363	151.3546109	390.7296842	59.531145	190.8867395	634.9335004	491.4812488	353.0764569	239.1682484	18.32752668
P101-PWY	0	0	0	0	0	0	0	0	0	0	0	0	0	0	255.9883115	0	0	0	0	0	0	0	0	0
P105-PWY	846.9828712	1696.677714	2745.109562	9204.304403	2949.356374	3218.321476	1570.455207	2268.960466	4432.244104	1350.940466	1751.00972	1428.092466	672.4098566	2485.816324	4498.987269	669.7953947	1982.789984	787.3936209	1315.149526	11793.23569	2280.161849	2094.351167	1090.300759	83.41069432
P108-PWY	6751.465503	3810.802605	4970.625744	5935.385359	4862.652463	13679.43818	3141.819262	9330.098784	14891.32296	5160.948294	10878.52345	17658.54612	7424.033076	8497.273261	13110.95224	3622.838415	5187.858163	3678.475481	10417.72283	18265.1219	2801.887935	9172.695539	1745.991779	202.222072
P122-PWY	1752.826836	2206.890173	3874.670728	4987.56153	4835.793858	3080.705476	10191.15302	3680.594147	6385.001802	6037.312855	2511.13512	2823.024589	1683.771412	1911.01477	5075.292267	3264.80607	2520.268482	2727.20185	1940.165184	1837.151517	2701.99253	2876.875256	1006.362683	196.6735599
P124-PWY	2092.483735	2660.566291	5131.336771	6129.936111	6530.768134	3636.479416	13360.3882	4395.117702	7451.357547	7414.757574	2990.223859	3292.102087	2009.03613	2294.879927	6179.633664	4394.60424	3287.366796	3898.369226	2281.124712	2118.3266	3569.445475	3479.335629	1189.621002	247.1378574
P125-PWY	238.8891764	843.6481415	339.1351812	700.6097157	600.3551675	344.8618553	250.1982651	2490.484218	307.6146626	472.628676	407.5750473	207.2685519	40.52163542	409.8826701	900.7194408	213.1740567	289.6433561	200.9479093	302.2094198	1985.201033	354.2207513	374.3995393	203.3326904	0
P161-PWY	18965.33961	19077.24229	7658.16209	16413.60734	23148.90807	22426.70858	34798.41102	15319.51799	26789.97916	22798.6274	23724.81834	17262.08122	13684.56468	16855.04343	23297.65542	11842.19241	10856.04605	10465.40542	27033.59944	21147.37289	17022.7298	28282.89346	4375.37677	1453.464702
P162-PWY	1095.454454	1071.056809	2962.625652	3725.531348	1313.43483	1137.668881	408.2629877	2218.949416	416.3578012	535.1425474	660.2421254	583.3864198	1511.389986	4238.083417	924.84745	626.3413662	931.8805592	1667.210302	473.7519435	928.0087943	514.7153896	715.0270463	154.2148165	12.26764552
P163-PWY	183.3316994	105.5219413	3277.930313	2947.213571	309.3632401	467.8207051	31.76077832	1143.701741	350.9152854	209.2441568	266.6962982	325.638309	882.9351246	1508.628674	284.9121538	372.315713	0	96.87801524	322.6018456	386.0612122	130.9954532	232.3195177	39.16237524	41.60702165
P164-PWY	6935.112438	8000.161225	6521.121302	8807.773272	8387.023529	11701.1515	21428.2669	16028.34255	8824.546715	9692.640384	9889.239902	7566.928669	7069.034386	10330.97002	7105.887049	5170.51336	5814.749199	5066.502359	8735.162086	8143.664704	6715.25466	9741.903239	2184.712368	598.7823188
P221-PWY	2788.124235	1164.670572	681.1205942	1447.635264	736.9326405	2356.963735	881.2990696	756.3170928	1563.304079	1639.536	2513.302259	1110.831831	431.7586704	1250.404587	1491.280169	1200.635662	1315.341424	1036.123651	1868.718166	1665.342638	716.3454721	2431.389393	433.2550672	199.3566953
P23-PWY	3099.12699	2523.492469	3556.80721	10593.81769	4887.838451	5479.512032	7432.571321	4206.996253	4416.118966	1832.335876	2913.785545	4668.045082	3006.310356	3639.000724	5061.043851	2172.091402	3385.971609	4225.78759	2945.246787	6047.818697	2843.087604	4127.036155	1139.018152	92.80450262
P261-PWY	0	0	0	0	0	0	0	99.76627367	0	80.7555903	0	0	0	0	0	0	0	0	0	0	0	0	0	0
P281-PWY	0	0	0	0	0	0	0	13.69513652	0	10.64568478	0	0	0	0	0	0	0	0	0	0	0	0	0	0
P381-PWY	28.62791151	497.2033278	62.57235416	342.6033454	79.3788759	40.06041569	0	0	28.75945608	0	9.684573368	184.1674586	74.18277173	0	462.1500626	0	0	27.09609136	0	124.1476298	5.808161339	0	0	10.30933172
P4-PWY	9380.760439	9369.582436	5840.96427	12430.90735	12176.66071	12574.09372	20871.29319	8857.02845	14043.05245	12658.9559	10811.8348	10066.29879	8387.951081	10716.17463	14214.94257	7487.283259	9811.085378	10150.30651	8996.814551	16658.20796	6586.604774	11722.48794	2221.585445	580.9471902
P42-PWY	11848.67495	7876.877076	9794.772112	13657.68142	10515.60489	23006.0115	11298.13194	16629.03494	24978.48604	9882.974789	17686.35699	28711.63688	13097.28787	17434.11787	22796.09652	6145.288883	11004.51987	10105.41375	17422.5595	31794.22864	5390.707749	14801.61412	2991.179179	329.6889553
P441-PWY	7075.302722	5189.663682	7961.196717	16106.47069	9464.939048	10527.07958	15419.06784	13971.09758	8074.598958	3590.996813	5818.82235	8109.515211	7449.597778	14737.8373	9234.41282	4216.72777	5672.241385	6776.121372	6076.71344	10467.74554	5945.415728	8354.339057	2030.346085	203.782531
P461-PWY	6489.794943	3731.72344	1232.448354	5015.242007	4043.232227	2050.620883	1606.150027	3483.861226	5933.799633	7258.197721	2960.330014	3205.779911	2988.644219	6184.447637	2679.163696	1742.129158	2124.998787	2356.870372	4487.846992	5976.121935	2756.776129	7132.502893	1374.889257	282.5934887
P562-PWY	1693.29301	914.5459758	253.7299931	564.1996381	954.6027915	278.0975941	949.1625263	656.5440938	1210.419914	1648.067678	682.7751186	662.5181394	590.999825	1587.78433	403.4816886	326.3813901	360.18754	258.270269	1235.82215	1222.747978	467.182551	1614.812548	241.1124918	55.85738267
PANTO-PWY	13727.12605	10997.31632	6335.407478	14179.04538	14869.14357	22036.19083	15703.23312	13384.15521	23011.49349	16005.4897	18420.13156	22235.06242	12639.5363	17399.12238	19378.89557	7781.016977	10305.3796	10611.76072	19976.45839	27266.35643	8101.784078	20281.52278	2779.675126	798.2162126
PANTOSYN-PWY	15108.58987	12505.88933	8078.323898	14051.09899	16879.13456	22918.70644	18375.71427	14012.04578	23829.40516	17099.44881	20001.75762	22943.81571	13579.25101	19149.19188	20940.26913	8789.284978	11872.87784	12392.23602	21104.66108	26623.55415	9468.732357	22245.82552	3030.258374	917.8962494
PENTOSE-P-PWY	9384.15632	8056.172071	6226.324395	12259.06998	8577.446692	16270.44146	14226.43626	14739.39559	20598.37978	12477.86197	13109.17199	18726.73194	8802.451025	10698.98118	15790.40464	5657.689401	6057.363276	4690.892097	13278.30607	22863.89489	5529.574124	12559.3141	3101.151325	522.6017868
PEPTIDOGLYCANSYN-PWY	20445.08147	19117.89024	15244.8305	23520.87757	24361.03174	28297.19391	30659.36694	20103.24042	28008.33807	21318.2256	26288.70746	26852.17847	18452.52069	28139.01947	28144.09308	13041.20163	15917.28783	16684.93867	26099.32014	30525.70701	16082.19052	30154.52768	4337.200338	1387.652182
PHOSLIPSYN-PWY	22478.0378	21393.54779	15866.18017	25152.34254	27389.90192	30419.37963	35759.13147	20765.10814	29200.39178	24447.17548	28836.78676	27735.82629	19461.84105	30309.14045	29680.36208	14696.73955	16763.99208	17615.98099	28087.85758	31318.98212	18615.6143	34065.33214	4967.120029	1646.07123
POLYAMINSYN3-PWY	2361.485789	1334.253656	1138.715434	3833.820365	3129.315511	2508.396903	1430.990312	3392.940862	1927.737485	805.114594	1721.165202	1510.964689	1218.019414	3477.89295	3224.748417	1939.544841	3334.272573	3206.876106	914.1721482	1882.47688	1605.566219	2264.802203	598.1339039	105.3794892
POLYAMSYN-PWY	2334.522519	1289.801587	2025.330774	5715.695128	3155.829383	2474.110543	1475.004199	4267.32486	2759.807138	1160.400184	1790.861056	1445.950319	1704.614865	3726.698431	3236.484447	1964.788683	3469.632203	3739.714896	925.6118336	2355.463727	2657.73815	3092.126074	809.007798	100.7454745
POLYISOPRENSYN-PWY	8614.55766	5135.360615	11309.96685	16373.76515	9771.597653	16327.32361	5122.315057	11183.37593	17266.59744	6491.588418	13023.85934	19167.84474	9740.16252	15587.62324	16378.32921	4844.476774	9976.704847	10144.68733	12581.38888	20034.83209	4556.361652	11697.68197	2290.589472	310.0803351
PPGPPMET-PWY	279.9272051	6.673993242	436.7665085	5066.37856	1079.435143	1046.600344	602.6531937	743.1100694	1653.803432	438.2106655	470.327948	315.6079557	107.2174776	530.5634517	640.2298895	227.3308314	1519.84741	3750.695226	334.1905201	1327.138602	954.8179847	604.5144205	538.3200467	28.93289032
PRPP-PWY	4312.812185	3561.495978	5095.881212	11461.08591	6126.389658	10840.49536	3630.75012	8759.864708	7963.466042	3385.762032	6642.257214	8725.647962	4824.353024	8370.406504	12364.18045	3575.820352	5885.662295	6852.947033	7615.212431	17675.31891	5262.116798	7568.875929	2177.561901	218.8277462
PWY-1269	3949.658957	1955.563443	1648.147505	5152.9004	4606.07574	7935.682769	1577.563632	7895.562024	8520.508744	2375.911438	6360.237161	11310.65349	4582.297191	6420.078644	8279.931241	1801.954396	5827.182085	5933.867425	5336.577665	10668.39402	1839.659144	4773.498187	1076.936396	62.85567678
PWY-1861	5616.301485	5834.95665	3005.149978	3536.085088	9126.093425	3010.233762	18094.72107	10787.95273	9226.600083	10238.95662	5603.978911	7265.442203	5177.312364	8450.687381	5286.759032	3612.224847	3960.198949	3210.693183	5266.090342	8287.400456	4910.913719	10018.72457	2354.713929	362.6925647
PWY-2941	1613.849703	4953.156332	564.7940693	3465.069279	2938.788889	2710.676966	1849.314656	1812.187257	1108.774783	1682.5831	2607.924993	972.0794623	3399.308664	2243.060623	4398.759871	1784.309526	5490.700397	4950.91375	1548.949259	5811.19117	1887.259255	2603.547208	965.576601	108.7537711
PWY-2942	23816.82619	22606.4634	10570.59284	19235.38421	27513.4255	33586.45908	36036.76081	23917.57086	33324.56645	25260.96716	31188.28624	31946.05068	20795.30357	27322.21041	32046.31651	14579.18313	18178.63883	17785.54666	30435.51988	35479.58726	18854.16765	35235.06105	5267.645457	1660.085745
PWY-3001	23089.8051	21243.53683	9720.332474	17913.25771	26600.42419	32896.60986	35032.39193	23259.13499	32982.37697	24832.90787	29876.64237	31479.0901	20116.67089	26575.1761	30717.19095	14413.71359	17164.16172	17064.8764	29954.87428	34632.90969	16816.07582	34082.12768	4916.989013	1567.440769
PWY-3781	100.6062521	1065.339078	2426.503772	2997.608518	343.1355969	298.3701518	167.7323772	527.4895123	44.98045484	567.5805909	97.84914029	325.0216633	265.692044	1260.735903	5724.802559	399.3668067	323.7013185	377.4426522	419.1480318	8490.995854	54.51683494	129.7305184	21.95903953	7.18272472
PWY-3801	0	0	0	273.5516649	0	0	0	0	0	0	0	0	0	0	1660.567775	0	0	0	0	0	0	0	0	0
PWY-4361	0	0	0	0	0	0	0	95.04288128	0	82.69436466	0	0	0	0	0	0	0	0	0	0	0	0	0	0
PWY-4722	0	0	54.14594738	58.24908503	0	0	0	0	0	0	0	0	0	12.41047929	0	0	0	8.393416928	0	0	5.834108952	0	0	0
PWY-4984	4198.863875	2664.410887	1927.698508	1716.237261	2652.97454	2240.827075	2371.14883	10863.56676	12947.83221	4277.273845	2905.619837	3546.762276	549.0074798	2487.339476	4613.89339	3156.751659	2282.039054	962.0036719	8765.893208	15286.96286	1179.314788	3638.139383	1008.20431	146.2907762
PWY-5005	112.4442119	1054.743866	128.6919659	206.5458949	182.3596217	303.4168147	612.7118254	218.1200092	97.47655544	195.7223456	553.4694541	155.1462256	233.8418809	189.3606286	892.5612348	367.1051385	856.1996685	372.1346943	256.4845401	960.9403292	377.6740973	494.7256625	32.08157204	20.64457373
PWY-5022	603.4617136	815.2479904	2685.99966	4366.330748	1170.63365	1197.184304	890.6275048	3333.928325	1314.140898	641.588052	979.0224719	408.7030271	489.3071281	1464.441316	1140.305356	854.578524	1127.489106	1185.71671	703.4331543	2830.496045	938.5086537	763.70579	464.6090282	37.31367762
PWY-5028	12.47708249	0	9.989455793	47.29098413	222.7106906	29.93718218	66.79720914	96.69809232	114.1948049	122.0152177	12.4861925	14.98898807	89.20154089	7.496201029	0	0	12.47621357	9.979562675	34.8928339	22.47957056	0	264.2060508	24.72171042	0
PWY-5088	31.65055973	139.1726594	25.10876503	285.9227292	97.43090443	45.92637863	0	0	53.20401897	0	17.81299308	190.7285595	42.75007419	0	488.6240101	0	507.6940857	218.4754045	0	127.9902783	10.73687122	0	0	18.84186277
PWY-5097	23991.93808	22906.34145	10323.80778	18667.65298	27303.75087	33574.80356	36859.25243	23920.08344	33318.72368	25580.35883	31001.55879	31809.59659	20712.15651	26606.47896	31544.88438	14448.20504	17928.01225	17454.52491	30535.62389	34832.30492	19064.23343	35287.36936	5303.105058	1686.967744
PWY-5100	22786.25552	21481.14609	15818.76125	24312.5243	26086.7591	31495.05176	32397.3643	22356.64361	30703.43852	24022.11007	29339.74634	28270.08228	20005.39767	29780.6978	29122.03115	14358.98452	16872.28917	17804.67776	28900.32818	32830.06638	17098.83618	32848.77204	4672.862101	1557.480788
PWY-5101	27482.15301	25253.18659	10198.32615	18756.93687	31248.12976	37548.70111	41098.10443	26873.5217	37457.30685	29405.5616	34777.18133	35132.55456	22377.70718	29319.36716	35413.50231	16877.13276	19447.32424	19411.63016	34961.58873	39679.98095	20629.95014	40760.71187	5762.034556	1926.158778
PWY-5103	23686.92732	22056.37981	8540.984113	15286.14102	27416.50836	32711.58887	36004.64266	23794.19378	32760.2207	25460.41156	30194.23455	30739.16674	19507.73911	24328.92251	31029.68621	14634.28539	16397.07679	16335.08018	30375.52255	34372.14266	17737.1137	35179.59099	4884.465136	1637.559602
PWY-5104	25676.2757	23076.91518	10499.11551	18937.23501	29307.54963	35667.52056	35626.52371	25405.38868	34051.95058	26314.33604	32745.67789	32008.26004	20704.97638	28722.59977	32837.05277	15877.85333	18046.71358	18428.27871	32873.90569	36623.17928	18859.7522	37593.27757	5282.944978	1764.344957
PWY-5121	20366.53228	18509.279	11913.90008	19881.99905	24200.76357	28636.16095	29718.30713	19533.27952	28798.87361	21261.79166	26636.46179	27788.17599	18088.55104	25849.58373	28043.79891	12854.07344	15746.1311	15816.44614	26710.52163	30554.61667	15720.878	30280.19626	4256.416432	1369.142979
PWY-5154	6493.230127	4819.788411	1442.335848	5907.798352	7528.382611	13137.94305	3539.733123	11518.64842	14868.51226	5282.239823	10219.3799	16565.38637	6682.490525	7076.737612	13567.6972	3416.583575	6818.685061	6910.990169	10046.91328	18511.47883	2787.295759	8362.652752	1908.931411	129.7207468
PWY-5177	414.5600804	129.504637	657.2830347	3586.635294	1439.285165	1406.805547	376.6525001	1475.929115	461.800512	513.7569226	868.5527308	456.7596653	401.0546446	941.7451533	1000.684054	337.1878666	773.0794387	170.6542626	489.5677635	861.9906206	1129.174892	941.922454	181.0512484	10.71168035
PWY-5180	0	0	585.3347759	619.1487073	206.1470032	650.6754225	295.0824154	590.7997154	266.0331234	0	276.5104514	160.9989319	0	265.2650078	1114.072606	0	252.4528366	0	387.2951355	5689.053864	484.7154799	176.5500275	412.0657841	0
PWY-5182	0	0	585.3347759	619.1487073	206.1470032	650.6754225	295.0824154	590.7997154	266.0331234	0	276.5104514	160.9989319	0	265.2650078	1114.072606	0	252.4528366	0	387.2951355	5689.053864	484.7154799	176.5500275	412.0657841	0
PWY-5188	9822.03303	10051.06755	4375.569917	9346.196855	9757.635188	13510.6923	17397.80932	9060.356095	11795.49043	11956.64395	11965.99824	11203.15759	7732.535825	10745.72956	10216.13648	5814.483013	6742.816942	7614.944525	10788.66417	14978.40542	8683.770005	14479.44286	2204.392768	859.9149743
PWY-5189	9216.384714	9379.520731	4053.128419	8699.601546	9017.573927	12749.31433	16242.34954	8989.328751	10950.10519	11197.81849	11171.73849	10567.33218	7293.676581	10134.16473	9336.66174	5370.45587	6397.148547	7182.551415	10082.55072	13783.48511	7979.786053	13645.28369	2092.352399	815.0187022
PWY-5265	332.6871547	4499.214773	1373.835649	2534.928002	1136.829538	1053.248598	1148.707994	1210.547419	779.6672146	365.2060602	366.2183307	875.376189	1229.687208	4146.996077	2704.482066	588.7367245	2015.595419	2450.161988	670.6155731	9773.66924	415.1254446	383.4847193	213.2924515	16.20580628
PWY-5304	8058	6598	1246	2054	5720	5098	16466	6012	8686	11996	6622	8900	4756	5360	5264	3008	3636	4315	7040	8840	4116	10892	768	614
PWY-5345	986.1331082	3734.773132	1646.852711	6794.316913	3493.619844	3064.900751	2071.344985	3321.336316	4442.721678	1703.32646	2277.268516	1232.255708	774.7348713	2889.243419	5052.531301	1088.59519	1859.624855	559.337139	1989.52759	10562.48948	3789.090935	2103.070828	1216.307984	94.66874103
PWY-5347	12822.79259	12714.29186	8470.721939	15289.79229	14332.56583	11920.85135	20501.7345	9740.515307	16950.7516	15965.46617	11037.19196	11220.52461	12321.01213	17846.11134	14991.72051	6822.95674	9953.500596	11855.18581	14955.16333	22881.09591	9084.268525	16988.65782	2768.300311	763.6437862
PWY-5384	10787.51439	10623.97855	4512.510767	9081.692013	13186.76868	12677.21845	23671.89891	9188.9018	12177.96862	10916.40222	13563.88	12374.30785	7089.783076	9953.363276	15234.29601	8499.934057	6224.772223	5671.998046	10057.08519	10316.46744	10037.77122	17299.62591	2918.485902	1074.399006
PWY-5415	0	0	485.2595393	387.322029	119.5192901	156.3955117	68.62762301	405.2453761	83.9647068	0	102.0514229	48.34277136	0	68.2927492	112.3726385	0	73.64511015	0	164.354838	226.6997195	133.2456618	69.41517495	99.0782624	0
PWY-5484	13562.49832	13558.60991	15305.36335	24031.22139	17814.74912	23976.73471	30207.98842	19389.43587	28123.05899	19688.54103	21275.26804	29400.30252	14327.55303	21150.03855	25047.55527	10826.17448	11892.05299	11191.22275	17892.73464	30858.16	10898.91699	20162.21998	4009.392213	828.8069085
PWY-5505	22249.74643	20685.96429	6789.870745	12007.63491	24508.74247	31020.25253	31174.4298	19339.08621	29453.07091	24447.56061	28515.83434	25615.48905	18158.37839	22245.38455	24825.07622	13118.07439	14175.95364	13497.6598	30311.7296	27474.03587	16191.79019	34639.40161	4323.095834	1629.384123
PWY-5507	38.32322302	440.9476679	30.03915871	310.7903073	117.6529061	54.88474608	0	0	61.81472077	0	21.65893068	245.6765068	50.14765187	0	593.4092918	0	0	34.56695814	0	149.6557632	12.93610184	0	0	20.32743705
PWY-5509	17446.44494	16319.81669	8671.314487	13202.67892	20318.49714	24501.43101	25890.49938	17314.71957	24438.43754	17299.48419	22805.19721	23670.00613	14761.98495	18514.09369	24730.90267	11153.13505	10988.27325	10445.94491	22605.56511	23530.44997	13679.38593	27253.14376	3565.04099	1258.869034
PWY-5532	40.61056949	0	64.8629696	50.57583716	0	0	0	36.31609741	11.28287986	9.236610621	68.24108241	0	12.50403877	109.4118928	61.76718236	0	76.00152632	0	38.89215741	66.34357101	9.955572179	14.92933113	0	0
PWY-5659	13912.71542	11604.99797	8028.782418	11346.89853	14876.90151	19428.64468	14357.40017	14278.22674	23254.96659	15051.75832	18702.07486	21480.21447	13724.31383	16705.11349	18684.24525	7667.874941	12831.4212	11636.44052	20158.35581	26791.64863	9225.232726	18753.66055	2877.184756	718.0214035
PWY-5667	24673.00075	22885.15666	16812.4007	27106.52249	28934.6132	33601.66405	36856.33442	23478.50362	31771.92594	26035.04922	31461.50425	30705.86206	21648.23101	32710.72975	32814.32761	15746.86295	17919.68243	18957.54423	30618.92598	34225.71195	19698.12668	36810.6361	5336.591087	1770.974665
PWY-5676	5540.258356	3907.139333	5557.726705	7613.663759	5349.546398	3244.806896	2777.572773	11323.47425	3557.473199	2900.324405	5436.865769	3383.902907	2787.188107	6019.334898	5203.283818	3141.729362	2365.33901	2908.278674	3317.841253	4397.800691	3338.430309	6057.569608	901.8365834	217.0987184
PWY-5677	597.7281409	370.4652739	2639.221622	2583.232483	709.6639302	646.0054622	164.8725833	1698.646677	578.4197883	369.7709595	672.8509397	308.2375157	379.6355465	1128.127351	702.3029746	412.1045907	450.8392027	286.2024719	661.0364809	971.1145904	557.6302332	429.8945499	215.0553556	19.38141048
PWY-5686	23524.65228	22139.57383	16089.43181	25131.35372	27871.00952	33084.16621	35265.6787	23890.06216	32648.76702	25322.83682	29983.78535	29140.95526	21326.04478	31196.56252	31940.56759	14939.8517	17843.30311	18572.61121	30568.56946	34948.44286	18641.43814	34718.25384	5085.581761	1633.619648
PWY-5695	10626.39266	9112.875547	10700.85373	20303.91503	13408.39902	20566.68736	25891.32943	17094.54222	22091.26033	14963.37241	17974.02277	27514.60678	12349.05829	19137.18868	21132.19267	6424.506232	13147.87905	11751.40584	15515.33481	27011.09462	7568.00576	16065.31072	3189.265599	670.5772867
PWY-5705	736.4896955	804.522458	393.0294669	625.372781	1117.494222	875.9053808	2045.635328	1761.263497	679.9244317	506.2736096	967.1763901	713.3428909	452.9466077	839.9960618	1114.37422	523.0007078	698.7378276	613.5518451	1041.159289	764.0084382	829.463842	918.4454632	428.4717357	59.8318069
PWY-5747	24.88686913	0	385.6509828	582.2773463	122.607295	100.9403367	39.03247737	82.0791587	137.0483954	30.49214045	65.70064219	27.81132075	0	70.6062149	367.0680115	0	53.55376641	0	67.01010276	611.8599829	99.89154512	61.642621	55.60004935	0
PWY-5823	0	0	0	0	0	0	0	20.5453764	0	15.97282545	0	0	0	0	0	0	0	0	0	0	0	0	0	0
PWY-5837	341.431887	1096.647978	461.5871088	3451.298321	982.0874236	1033.350358	649.8262361	976.0859864	1504.97952	537.1025902	726.0493368	376.4083608	120.9176363	638.5458646	1348.833494	355.1341332	1327.822106	2922.150801	606.6698598	4502.444596	1073.322595	583.7286941	439.8227296	22.73863955
PWY-5838	971.8480913	1945.897742	1212.068818	5179.733132	2184.488949	2689.506332	1455.797986	2576.421365	3698.207565	1307.218065	1925.051741	1194.731181	388.0530714	1736.445651	3384.611477	914.6511106	2869.211612	4195.083991	1643.929546	8427.895664	1546.606089	1538.528115	750.6305345	51.32314339
PWY-5840	981.6539432	2037.055502	1226.315241	5314.473323	2230.052876	2714.936091	1517.369608	2615.727205	3733.369821	1336.990634	1946.745277	1196.363447	389.0835708	1753.181704	3422.594468	931.7540559	2904.722217	4279.988806	1660.725728	8567.837688	1609.862611	1558.183019	768.066226	52.89302401
PWY-5845	724.3213125	291.6854265	966.744827	4915.099317	1842.963237	2165.702715	1286.488527	2017.896187	3080.051708	953.1225383	1438.41123	881.3839393	282.8127782	1326.853184	1932.124031	594.3824972	1572.894034	505.0025485	1227.535256	4323.853439	1320.496056	1204.772745	665.8954641	44.56046172
PWY-5850	724.3213125	291.6854265	966.744827	4915.099317	1842.963237	2165.702715	1286.488527	2017.896187	3080.051708	953.1225383	1438.41123	881.3839393	282.8127782	1326.853184	1932.124031	594.3824972	1572.894034	505.0025485	1227.535256	4323.853439	1320.496056	1204.772745	665.8954641	44.56046172
PWY-5855	271.5425523	215.3479447	556.9880508	3204.607819	849.5504454	904.6021311	399.9955831	2077.446801	1148.049434	370.7737051	595.8592063	277.3639902	149.3565831	627.5144509	721.3936751	193.7123354	495.4796445	237.8476109	1003.566344	2271.550595	843.3754202	553.4683084	398.4954324	18.60461192
PWY-5856	271.5425523	215.3479447	556.9880508	3204.607819	849.5504454	904.6021311	399.9955831	2077.446801	1148.049434	370.7737051	595.8592063	277.3639902	149.3565831	627.5144509	721.3936751	193.7123354	495.4796445	237.8476109	1003.566344	2271.550595	843.3754202	553.4683084	398.4954324	18.60461192
PWY-5857	271.5425523	215.3479447	556.9880508	3204.607819	849.5504454	904.6021311	399.9955831	2077.446801	1148.049434	370.7737051	595.8592063	277.3639902	149.3565831	627.5144509	721.3936751	193.7123354	495.4796445	237.8476109	1003.566344	2271.550595	843.3754202	553.4683084	398.4954324	18.60461192
PWY-5860	512.4195996	201.6366537	706.6011741	4417.614115	1442.495672	1590.315457	1071.203265	1447.928104	2335.673966	723.8484877	1041.081003	603.2780688	192.7609735	953.6277205	1389.627024	424.8726983	1161.531016	350.4672179	884.1872924	3231.842642	1191.015857	879.1670915	568.06291	34.4375562
PWY-5861	702.2113771	1701.427341	908.1164907	4744.40218	1766.797535	2024.646443	1253.246152	1888.586675	2884.013356	1046.89571	1434.879431	825.5906967	266.7121449	1278.827244	2587.642088	680.2775323	2325.212289	4156.047045	1217.331196	7118.015229	1484.674731	1152.937198	663.9742197	40.64624733
PWY-5862	512.4195996	201.6366537	706.6011741	4417.614115	1442.495672	1590.315457	1071.203265	1447.928104	2335.673966	723.8484877	1041.081003	603.2780688	192.7609735	953.6277205	1389.627024	424.8726983	1161.531016	350.4672179	884.1872924	3231.842642	1191.015857	879.1670915	568.06291	34.4375562
PWY-5863	389.2189204	1242.62004	525.0382802	3848.959567	1115.497278	1174.413177	740.2874543	1107.291009	1706.046599	611.5139587	826.3437924	429.2788952	138.0535203	727.2147499	1530.327821	404.1901496	1497.854057	3243.300652	690.9275224	5033.833294	1214.20011	665.154665	494.6955431	25.92275325
PWY-5896	724.3213125	291.6854265	966.744827	4915.099317	1842.963237	2165.702715	1286.488527	2017.896187	3080.051708	953.1225383	1438.41123	881.3839393	282.8127782	1326.853184	1932.124031	594.3824972	1572.894034	505.0025485	1227.535256	4323.853439	1320.496056	1204.772745	665.8954641	44.56046172
PWY-5897	878.6753191	1900.082361	1109.315148	5072.268031	2047.096021	2460.098483	1386.397819	2368.158383	3412.459598	1215.105283	1757.563551	1059.575627	343.4652078	1578.207675	3117.537787	843.1459461	2692.99984	4097.651756	1495.430013	8077.550051	1522.288	1405.629824	722.5800474	48.30118084
PWY-5898	878.6753191	1900.082361	1109.315148	5072.268031	2047.096021	2460.098483	1386.397819	2368.158383	3412.459598	1215.105283	1757.563551	1059.575627	343.4652078	1578.207675	3117.537787	843.1459461	2692.99984	4097.651756	1495.430013	8077.550051	1522.288	1405.629824	722.5800474	48.30118084
PWY-5899	878.6753191	1900.082361	1109.315148	5072.268031	2047.096021	2460.098483	1386.397819	2368.158383	3412.459598	1215.105283	1757.563551	1059.575627	343.4652078	1578.207675	3117.537787	843.1459461	2692.99984	4097.651756	1495.430013	8077.550051	1522.288	1405.629824	722.5800474	48.30118084
PWY-5910	298.4670366	1390.915106	2369.858925	2659.466824	285.8327334	752.1315991	326.0764675	521.135914	296.4852802	579.9688094	312.2931794	183.2126955	521.7389848	469.641699	1006.84512	408.513191	656.263358	1185.951776	282.9383756	2788.401772	690.1635979	175.1255423	413.1413562	58.05765258
PWY-5913	3506.516609	4456.624232	4251.560406	10634.72147	6564.354128	6702.328148	9239.169527	6055.733203	9456.557204	7197.720265	5151.646537	9468.347238	3679.204314	9834.0824	7279.984031	3818.783488	5718.843975	7250.180476	4045.786957	10790.77104	4329.095345	6158.079613	1827.036605	232.8011866
PWY-5918	414.3554036	2213.828778	4025.40621	6294.447088	2295.942176	1657.388261	941.9652859	1069.50951	2080.946497	631.2476449	717.1579789	676.9145143	1431.231476	4764.791331	2688.297551	466.9766775	1281.308641	1519.199778	544.77419	6956.3932	1253.005788	898.7152806	574.2634319	56.32247287
PWY-5920	225.4423413	10.6391031	629.0341793	4401.040497	1132.784518	533.6031553	103.5591286	305.275546	73.47226686	253.5179985	227.6440036	316.7868947	158.1144241	737.098123	812.5410048	220.1771724	592.6446439	113.8297467	288.0272603	1713.020691	79.25398823	453.6087124	68.11767413	29.10138419
PWY-5971	8512.721878	6484.037157	3123.581539	9242.978633	9301.654302	21094.2717	5896.70944	10467.77838	16336.57456	9968.734036	14899.03796	10582.03009	11991.04626	12008.59392	20698.27134	6050.440938	12206.51509	13665.98787	13782.97154	20679.77258	4650.825541	12408.49727	3174.282414	226.799328
PWY-5973	23244.55448	21002.75907	9448.284021	17681.91148	26899.90214	33871.0168	28801.38925	23397.66207	33096.31644	22555.48229	32114.17843	33163.59245	20343.77852	25755.92499	32993.22812	13691.96269	17766.81038	17792.17959	30786.80954	35985.04719	17877.46503	34877.45923	5212.327118	1523.437095
PWY-5989	8485.436944	5414.255918	2246.909348	7474.68239	11333.36463	21299.01777	4901.770484	9936.111762	27039.01238	8785.362195	13921.19793	26649.05692	11777.29409	12096.05362	22677.0945	5271.434114	12336.96861	13076.29664	18154.4868	30129.03456	3447.796033	11969.39717	2667.629124	155.4157584
PWY-6071	0	0	44.55706948	0	98.50215403	109.8910463	44.30220356	58.70772774	60.86340296	0	56.10515276	35.01720584	0	49.58107538	76.78639294	0	53.19281848	0	29.763637	103.9016561	96.82831499	53.94154388	49.87169838	0
PWY-6121	21607.5699	20165.22012	14472.48866	23280.40883	25436.26507	30802.89134	32689.59837	22172.03074	30891.66929	22705.05874	28444.79388	30235.67453	19905.22253	29479.55916	30238.80277	13403.42507	16757.16445	16864.04447	28255.81956	35168.47896	16983.40363	31937.75022	4813.711419	1450.171004
PWY-6122	21425.80562	20252.93475	14521.00823	22962.98007	25507.52832	30144.777	33534.04099	21768.59574	29974.60339	22737.89669	28064.4828	29075.45984	19638.88636	29330.02992	29463.46576	13336.3122	16773.88608	16968.15023	27870.53654	33992.59535	17109.54906	31837.83549	4749.52874	1469.370842
PWY-6123	19886.37325	18363.46864	12028.67788	20458.57773	23888.6629	28973.39759	29539.9898	19771.10779	28985.42912	20912.80159	26436.95497	28481.30407	18145.74552	26379.77477	28319.9047	12527.07581	16506.60961	16566.20131	26151.35749	31630.77093	15624.52271	29705.17309	4388.866609	1314.152928
PWY-6125	7687.352094	6246.121538	4970.95792	10623.70189	7987.692239	16740.92797	5936.086507	11613.03624	18946.91633	7516.589133	12695.43338	20232.07824	10577.11013	13316.96608	17960.68803	5767.123415	8690.634766	8938.398181	12593.147	25045.28054	5670.83009	11390.01812	2792.013173	287.1147468
PWY-6126	22748.49291	21716.0649	13941.66986	24297.95411	27033.92611	31708.70955	35908.6376	23361.34566	34294.26445	24294.93426	29976.60108	31623.94293	20504.90084	29743.47439	32156.65352	14785.93288	17828.15583	17905.68666	30134.3422	36817.30886	18593.78276	33313.61116	5262.403417	1582.286708
PWY-6147	15251.44388	13156.61054	9427.817548	16028.77962	16512.15689	23597.1849	23244.59608	14778.96017	25157.53972	17804.57968	19742.11145	22888.89264	13257.21357	19377.33265	19835.95785	8816.310287	12338.77346	12215.57537	21351.96885	26133.95398	10315.99584	21551.22182	3427.357977	1076.505558
PWY-6151	18036.82876	17911.84996	7799.247385	15982.39406	20935.6035	25591.49046	29841.30413	13620.50606	25481.23084	20271.00203	23284.24535	23836.43351	16011.46286	21223.56622	24625.74318	11351.10488	14485.22125	14165.41366	21347.12229	26771.65531	14728.93432	26091.75682	4033.681288	1314.21949
PWY-6163	22780.3171	21497.93579	12860.24772	22375.2553	26212.62583	32088.95273	35194.54449	21330.48728	31540.56595	25208.83413	29416.86232	29913.42633	20709.62329	29423.155	29253.97056	13733.20475	16856.33339	17115.92443	28849.15606	33120.74751	18103.6701	33664.46276	4846.305969	1596.788551
PWY-6165	53.02911823	29.30833933	11.54906968	39.59579759	281.1181938	0	111.7776804	488.1231496	146.1243316	0	61.60232792	0	0	0	179.3104381	80.34513838	0	0	126.4633803	110.5173337	0	150.8412545	0	0
PWY-621	27042.93633	25620.31186	10092.92887	18604.29738	26539.28539	34520.46662	49138.53768	24736.89532	36071.26726	33740.29155	32865.49323	30294.56978	20940.98792	26582.95682	28365.31854	16629.99861	17402.63945	15209.77168	30017.62547	35304.54374	20571.34464	39178.81219	6157.383349	2172.843891
PWY-6263	315.744726	144.7975088	888.9108634	411.1913025	510.1097151	971.7130674	25.30920725	2001.542737	28.44006621	34.22073194	1081.933285	653.8666937	334.2639795	1257.289641	1214.709075	374.4942263	475.5956645	528.6430414	1065.068857	1021.917642	120.5403271	705.2581526	0	0
PWY-6269	17542.97782	16405.74417	8713.058205	13302.70305	20468.86084	24603.16466	26021.77672	17409.78588	24513.06087	17374.14044	22937.52534	23775.6147	14814.5888	18588.13522	24855.4097	11201.21966	11063.70222	10511.74128	22668.53075	23613.27489	13805.34444	27394.15333	3584.158605	1264.740042
PWY-6277	21425.80562	20252.93475	14521.00823	22962.98007	25507.52832	30144.777	33534.04099	21768.59574	29974.60339	22737.89669	28064.4828	29075.45984	19638.88636	29330.02992	29463.46576	13336.3122	16773.88608	16968.15023	27870.53654	33992.59535	17109.54906	31837.83549	4749.52874	1469.370842
PWY-6282	8511.240441	5471.31598	2231.329579	7414.093972	11391.51583	21288.97446	4885.229604	9869.319077	26356.10036	8728.318107	13990.95045	26083.30331	11861.79996	12166.68473	22533.14465	5300.163043	12326.31992	13253.77281	18083.40593	29480.76071	3502.984872	12070.3752	2680.678792	156.109481
PWY-6317	22616.32573	21472.11278	8377.566654	15591.55387	24764.6107	29815.67806	35062.37064	19541.90415	31382.56928	25558.16806	28139.68741	27900.76394	18405.26426	22097.79925	27181.8259	13081.88429	15835.76791	15240.56909	27446.84702	30393.95627	17733.04154	32984.25165	4966.214857	1580.912964
PWY-6353	8743.659404	6743.05677	6655.523414	9493.846153	9473.743751	11119.60687	10359.57177	13921.12717	14147.27616	8640.323374	11447.97429	10602.09696	6989.616678	11802.38788	8889.812481	5168.660879	5648.310773	5132.695094	10572.28529	13327.07129	6009.790806	12436.8837	2351.15448	396.1902475
PWY-6383	44.96358762	337.2229509	844.4048801	1315.723256	61.20443985	34.96124677	0	6.99019802	14.94419477	35.4796512	29.74530525	50.49513339	106.2399425	677.3788198	899.9197177	11.97261354	62.86126388	119.2194763	126.5835906	2546.913581	8.184236529	19.85817685	0	2.383682092
PWY-6385	20309.7772	19043.06997	15166.87938	23433.24217	24276.57261	28211.62331	30448.75964	19693.26274	27937.10105	21194.01892	26201.43648	26814.48884	18410.10407	27970.99732	28097.24157	12983.29723	15877.94389	16639.62621	25982.69946	30309.83802	15892.43652	29951.34567	4318.918836	1383.078926
PWY-6386	20863.45979	19526.63147	15200.65654	23539.2616	24869.38033	28694.83378	31337.58918	20060.76999	28486.75961	21688.54278	26736.89569	27222.0706	18682.82029	28214.21667	28643.57235	13241.49994	16115.23021	16869.38215	26584.24592	31013.72057	16292.59436	30654.51668	4417.985239	1421.364649
PWY-6387	20557.85015	19266.90533	15453.74168	23806.8964	24576.59558	28469.07524	30971.69005	20410.27639	28226.33921	21449.93665	26498.81864	27015.2457	18617.53804	28443.21182	28418.2042	13180.87834	16080.58989	16894.52977	26282.09509	30671.97612	16196.87031	30314.95642	4370.13816	1399.238026
PWY-6396	294.4311286	1134.218532	140.4524539	108.1959549	314.6284196	452.9396688	257.8274347	2699.540442	203.3174876	444.9353415	164.7843344	198.5024515	89.36723865	204.9748722	204.1545002	102.7454463	115.4909922	134.4437806	158.9606718	2006.804036	137.2497155	203.422848	44.24376122	0
PWY-6397	18.31837362	190.8905509	343.8083278	531.4136242	33.91656034	19.51393016	0	3.956502232	8.529645004	20.38253667	5.668867175	28.41853832	13.00530742	57.17260696	424.7309575	0	34.64832599	64.26802688	73.77681396	1587.722285	4.676540975	11.31952344	0	1.342956857
PWY-6467	3412.89	1748.73	1217.11	4144.8	3726.41	7384.19	1408.62	6709.51	8265.67	2217.69	5366.1	10585.39	3945.43	5670.54	7539.73	1713.07	5485.76	5520.23	5070.58	10180.39	1527.1	4206.55	968.57	54.93
PWY-6470	1214.964947	4104.980166	1169.472651	1234.01989	807.5572701	2304.576949	1506.003794	2107.459986	1109.449699	2152.470989	1262.903557	720.4902838	2006.426615	1926.341038	3197.915433	1134.204254	963.9270693	824.8556172	1157.22789	5293.729769	2063.914514	725.7102027	1211.281992	221.6504072
PWY-6471	10506.44835	11679.07499	12394.07311	18451.14141	14839.62092	8008.918622	19254.19609	10188.08295	6643.795107	5896.28394	11603.14389	8255.690954	8737.704435	15281.77937	17610.78328	9011.51693	6814.676259	8737.954045	5670.616939	9513.199519	10416.06883	14820.43902	2280.385581	816.1549809
PWY-6478	2324.207855	1875.805321	796.5580939	1887.015912	3407.206942	3429.159822	812.8031493	4513.462118	2263.018516	2048.534405	2211.310598	2076.704145	2077.868764	2900.535804	1552.201927	970.3668349	3132.669236	2770.015823	3134.477602	3052.377864	853.8232282	3867.638357	682.1103699	146.1518223
PWY-6507	10065.53714	7930.533804	2308.152142	3817.966053	8727.353237	18953.06703	5289.145305	8363.961935	21327.24891	8846.025735	13962.34941	22433.81882	10938.29249	11113.40428	16435.71761	5203.358984	7342.617239	5355.108489	16609.40123	23880.38091	3501.833558	14149.77105	2894.461303	464.911677
PWY-6519	7384.072698	4477.759571	2862.252925	7305.306824	6202.887673	16095.48161	3825.411079	8891.396371	19147.33306	5810.999256	12168.32361	22216.4271	9121.012837	9251.545014	16223.17731	3859.128371	6475.36349	6991.513679	12424.375	22534.77703	2950.806845	9739.109732	2300.246826	150.5713551
PWY-6545	5064.572893	4268.352516	3368.182324	7060.814507	5418.533294	8432.04271	4517.290327	5713.304475	9747.488983	4763.228744	7749.362993	7686.412205	5552.484445	8778.806781	11553.1859	3673.114305	5404.849402	5881.299538	7818.846197	12632.84794	4151.103771	7192.683827	1580.102659	204.3190186
PWY-6572	1909.667269	978.1501098	192.9183303	357.9819295	778.5371781	3042.188274	759.4321649	2835.14585	720.2357246	460.3968148	3624.159685	5316.094332	1283.604952	1310.946083	1963.00134	624.7339762	1018.209296	435.0466338	2062.838766	3755.925618	833.5445899	2559.453628	807.993101	63.66096421
PWY-6588	3610.626352	2329.687392	6224.460218	5970.247556	3224.063126	2754.725529	1601.326363	11759.83222	3668.460808	4482.542847	4422.538073	2701.510958	2322.65727	4981.761649	2923.835564	2331.899996	2218.031913	1794.711444	3821.715157	3619.434509	1727.737881	4610.851538	651.5391059	155.7471514
PWY-6590	910.661109	288.6555565	1172.266344	3766.81194	2827.912351	3629.493684	1628.674091	2870.662941	4501.338022	1490.20393	2364.234265	1347.00608	903.3870778	2005.855378	3568.856763	827.2830565	1617.083697	368.2159185	1557.397888	6469.818295	1967.803311	2299.887704	1082.920014	98.09337217
PWY-6608	8537.403689	7710.072394	6597.859521	9512.36874	9021.64413	12955.92427	20207.74457	13967.7522	12560.10207	11357.43505	12256.70665	10326.30755	7851.92728	10691.99132	9151.793176	5091.764796	6421.670203	5383.080047	10106.2891	11020.71203	6418.601517	12548.59393	2322.969018	607.0181765
PWY-6609	20618.33108	19470.748	15240.4039	23206.44862	24317.13309	27519.79903	29182.79506	20791.31714	26653.53513	19882.3989	26197.32333	26451.01777	18625.30782	29014.87746	28592.34636	14146.58139	16173.41334	15381.87617	25679.97767	30217.21673	16221.41232	30236.11961	4463.772894	1444.143233
PWY-6612	15335.4286	14158.14645	11037.01103	18394.53621	17042.83633	23712.80011	24059.67866	16004.24497	24510.36725	16206.29757	20415.12559	22963.38416	14150.52862	20980.51234	20894.56352	9395.23401	12872.08967	12857.63764	20307.10695	27074.63443	11350.81094	21030.48492	3736.804096	1130.495588
PWY-6628	8194.181737	8028.939466	8113.960621	15936.13611	8516.118093	11417.83717	6752.271988	15378.19733	7034.490762	3846.0082	9039.214637	7443.165965	9690.29837	17763.24793	8636.29306	3916.185235	10568.80697	12577.09672	5358.314943	9977.319297	6233.715853	8908.161617	2073.95734	177.5474613
PWY-6629	2082.661374	139.1317554	1755.88594	11073.55913	4411.338719	4434.338177	2774.942429	3015.691092	6106.089481	1690.69012	2118.70348	1342.244859	503.3484879	2296.313259	6056.231315	1403.823913	2375.202554	1459.154853	1533.125634	5493.862591	3728.248852	2538.106064	1626.192991	128.7362276
PWY-6630	8181.042473	8025.025075	8032.985138	15735.82727	8487.979484	11401.41647	6752.88341	15175.53684	7033.9419	3845.640108	9032.914979	7435.787796	9666.631	17581.2589	8628.771547	3911.929737	10355.32072	12371.12332	5358.010933	9976.411062	6229.855464	8899.106563	2072.726906	177.5295508
PWY-6690	0	0	75.49501868	0	68.18181818	75.81818182	33.27272727	39.27272727	42	0	41.45454545	24	0	33.27272727	51.27272727	0	36.54545455	0	20.18181818	45.27272727	66	36	37.63636364	0
PWY-6700	9432.368718	6596.458188	5809.420961	9980.400075	9292.31901	17223.58096	4515.857358	10116.6239	15652.46192	8198.593039	12162.10349	17133.52641	9264.291075	12555.66653	13609.6867	5392.301395	9501.859488	9581.127111	12263.10891	19012.0848	5417.539976	12543.03165	2110.466752	444.9849489
PWY-6703	9509.638243	6174.707322	4710.136554	8863.61029	10264.28151	15201.2069	4438.339085	9554.480176	15728.81156	8152.516697	11836.19721	16155.24907	7715.917897	10991.41586	13111.96676	5084.796486	8105.384164	8737.91329	14452.71396	17708.2327	4850.153613	13059.75575	1868.202768	394.2563592
PWY-6708	271.5425523	215.3479447	556.9880508	3204.607819	849.5504454	904.6021311	399.9955831	2077.446801	1148.049434	370.7737051	595.8592063	277.3639902	149.3565831	627.5144509	721.3936751	193.7123354	495.4796445	237.8476109	1003.566344	2271.550595	843.3754202	553.4683084	398.4954324	18.60461192
PWY-6737	29994.64925	26219.11833	12145.69407	22173.66166	31026.98806	38628.50689	39795.25302	27438.06584	45359.55776	30509.66157	36671.06607	42784.57581	25850.39064	31688.95362	39347.74278	16610.46246	19553.95454	19236.12568	37571.39401	46140.90184	21302.30853	41231.73586	6303.878084	1903.128483
PWY-6749	3497.38257	3960.095718	1091.656451	1081.882714	4765.554689	3068.366519	6893.676155	2448.39358	958.3854827	694.6063878	4612.646017	5607.505735	4688.569257	4400.585327	7302.590575	3035.806435	1010.835338	1420.757612	1351.608302	2403.228371	3638.069653	5181.448581	562.3932024	229.6283398
PWY-6876	95.68546144	0	0	0	159.1980068	0	276.3419335	73.86358671	119.5916672	0	206.7715005	0	91.60548652	47.94714796	354.330291	1181.073889	142.9597813	59.84256995	65.89479921	0	0	101.7610805	45.64188205	59.99756712
PWY-6891	4910.85986	2009.788476	4651.321873	8262.05144	7358.426247	7248.233064	4825.297221	5958.935978	11839.18928	8445.279342	6836.791116	4582.007778	3523.611462	9291.775517	6279.993282	3172.572482	3897.745479	4495.83981	10699.31982	8403.373246	2854.236944	7668.933698	1322.507865	232.7710756
PWY-6892	18074.07569	15703.08579	9066.571724	16016.39566	19838.68221	27232.82545	29182.10285	14909.80754	29355.4622	21156.295	23721.20039	27505.88653	15919.27128	22266.12362	23029.23759	10026.88545	13071.10543	13781.8272	25403.92743	30329.75789	13787.18635	26436.00093	3974.794603	1255.873375
PWY-6895	6504.768189	3431.570971	5641.631919	9790.793822	7738.475296	11953.51125	3252.299581	10010.84819	14272.63318	4984.706394	9841.976539	11377.93715	6348.773051	11226.67438	11469.58855	3551.151277	7185.801894	7546.270553	10641.99709	15745.3929	3244.464379	8791.181834	1698.66952	157.8833403
PWY-6897	17969.09958	16913.18035	8581.980309	14460.06467	20875.77617	25428.42536	26322.16264	16367.30662	24669.1221	20925.80335	22387.21813	21100.15854	15395.21651	22368.37269	19445.7322	10400.07032	12742.9394	12676.5533	24328.43599	24746.26707	13935.6754	27230.92886	3740.755097	1283.773145
PWY-6901	9794.359891	7145.231643	5277.786462	7754.71284	10006.5366	17671.3253	16800.51098	16252.54727	21888.07216	13671.38618	14915.34057	20536.07404	9934.792425	12276.8763	17528.15127	6240.828506	6544.908449	4461.204754	14515.06089	22914.705	6317.232095	14331.59726	2956.952218	391.6127004
PWY-6969	10733.64323	8981.853616	7917.115767	13513.01843	11701.15109	18606.8734	9473.122614	14157.76174	22993.33381	11428.66145	15276.28354	23161.03865	10731.68496	15746.06002	19323.15109	6522.17927	10571.54262	10208.62247	14087.8607	26609.17516	6712.932944	14947.58349	3064.770742	393.8595482
PWY-7003	979.5770188	888.4099642	993.4707763	7267.959919	1386.452184	1410.040514	3106.865118	4231.159093	923.6004993	930.768918	2445.995768	795.1316037	100.2354208	1355.600189	2103.904401	900.0539829	3064.885473	2282.797133	1807.851821	4067.02784	1505.38166	918.3221059	754.9589106	51.75383589
PWY-7007	32.35085946	72.55725773	26.30400122	257.6362975	47.22145662	5.192965714	0	6.984860357	5.992620214	17.78482206	1.998301089	36.31715177	23.15658033	99.76630327	562.0281969	0	23.65368835	3.170481349	55.83089936	1483.376774	1.199502168	19.82760276	0	2.343314876
PWY-7013	144.4372656	265.2288769	152.3902312	267.8971528	394.2975661	754.2643366	197.9923237	1925.565268	699.7251039	905.7130533	379.9557655	307.7549773	172.494581	517.3218866	522.2731899	909.5416768	48.72263355	131.4203948	773.8831862	747.8681233	215.4438281	271.9035018	103.9683535	0
PWY-7031	0	9.657377715	372.7635119	136.5033467	60.77991354	19.43615172	0	0	0	0	0	11.90246591	126.9465698	552.4840768	33.96018814	64.87782325	0	13.96072952	0	0	0	0	0	0
PWY-7090	36.90581283	0	0	0	64.96167891	206.6733821	48.19617669	0	0	0	105.0340218	478.621724	291.6906296	355.0450801	0	9.660833382	36.9529251	17.19574377	0	0	29.7808596	234.7595408	0	0
PWY-7094	10.62174707	100.9366637	105.1793468	421.8650001	53.49370279	15.51976031	0	31.15670546	17.91842943	0	5.977462376	113.0028412	81.74970439	288.8909585	783.8833956	0	0	9.283480085	0	43.94922787	3.594283844	0	0	6.541372831
PWY-7111	30476.42614	28141.17398	9904.536664	18905.01528	33431.28673	40970.88094	46295.67091	30467.29402	40902.55383	33080.18579	37719.83437	35574.52568	23051.23849	28019.2594	36658.24256	17799.14865	18429.99086	18083.68715	38726.71397	41249.04714	21871.34808	44984.30067	6524.556308	2220.900382
PWY-7184	5536.40252	4732.551345	3418.268691	7638.538843	5550.304915	11484.75254	4823.732063	7854.378593	13207.19223	5701.44057	8701.861344	11945.17807	7185.793247	9306.237093	12803.67449	3997.044202	6076.703159	6428.703339	8664.888337	17786.07586	4396.100359	7784.838721	1911.888297	228.2802185
PWY-7187	8061.564266	6777.414083	5883.282775	12412.52458	8750.145554	14507.91817	14466.67113	10411.50487	15865.64883	9699.06869	12229.37709	13770.66689	9036.804915	13163.74217	15994.64086	5965.307176	7924.007613	8720.865062	12239.29275	19778.18321	6193.127676	11801.59143	2329.113045	489.4858013
PWY-7196	7551.61796	6051.410101	4613.26221	9847.346853	7789.068017	17097.60206	5576.32814	11273.05347	18394.12168	7222.366523	12585.53101	20537.01374	10539.30533	12978.59518	18225.98962	5649.496152	8718.578502	9063.161722	12457.82188	24452.06819	5500.630101	11265.80025	2715.090126	271.3732038
PWY-7197	4723.811855	3795.548619	3092.222807	6847.42087	5015.276239	10207.50324	3475.25207	6876.33649	11079.05826	4501.803782	7809.254285	12733.01179	6298.821332	8430.402475	11814.96881	3674.398216	5430.370105	6018.833299	7779.399946	15963.91101	3555.814175	6990.203527	1629.715184	166.0230699
PWY-7198	4587.182691	3898.31554	2426.348579	4698.712419	4555.793957	7730.927452	3878.520799	5226.607786	8916.854261	4714.972516	7259.824469	6724.351539	5070.653123	5677.545047	6274.935929	2640.974643	3353.377358	2883.412146	6245.250602	7438.347215	3635.817598	6454.657404	1464.534994	184.0280801
PWY-7199	12006.45124	10779.23656	10742.903	16015.19271	14370.02766	17058.03408	13618.36711	12485.24149	19327.04807	9429.730374	16199.56191	19757.20235	11594.58239	19621.19277	19748.92027	8662.260579	10186.70782	9999.80164	17158.28061	22765.94304	7539.309748	17115.19092	2712.561054	623.2132935
PWY-7200	6142.802533	5064.109276	4416.805519	8932.294528	6757.440371	11694.17507	4901.432566	8144.882395	13065.96791	5451.262965	9644.977168	12605.58817	7530.792484	10887.70722	13904.67763	4735.851536	6569.485453	7014.902408	9811.32497	17215.66264	4342.56662	8979.68366	1871.367307	232.1337327
PWY-7208	23497.88425	22055.19128	14666.49579	24033.79064	28501.63347	32825.81137	34802.62801	23106.9929	32691.87022	24525.9936	30302.22421	31007.91935	20627.79145	29921.91109	32527.61922	15108.72803	18105.17594	19272.2055	31097.39292	35116.75102	18699.88321	35397.94881	4966.248405	1591.013247
PWY-7210	5422.286949	4877.39863	2820.884788	5301.44528	5376.067965	8225.364308	5421.061826	5635.885556	9429.94943	5790.911485	8027.652672	7158.915124	5448.885831	6325.284535	7084.233326	2966.36727	3639.935667	3310.304021	6889.738422	8574.110534	4609.507215	7367.249937	1560.259858	251.2368532
PWY-7211	6942.538599	5836.76875	3956.210888	8673.161877	7080.157229	12542.11132	5824.961532	8529.006954	14151.57204	7028.299322	10970.18087	11877.72992	8117.607367	9560.700631	11084.98444	4368.462408	5811.517003	6464.949046	10011.57715	14022.41406	5366.021947	9972.653321	2238.522628	278.031676
PWY-7219	22975.00041	21694.02401	13186.34084	23076.33665	27878.92798	33337.582	35350.76681	23052.35698	32782.74539	24886.2768	30506.92533	31754.17468	20946.98223	29648.70414	32658.46562	14761.38624	18188.84306	18668.289	30627.92547	35190.0274	18736.71786	35128.77133	5046.533862	1570.876098
PWY-7220	23470.36829	23091.80673	19824.39201	31888.23567	26427.12557	29853.63927	40655.6397	26851.63632	45130.5261	24141.47953	30476.15309	35506.67119	22434.01984	36675.39881	34636.39645	16319.81408	18347.8068	17424.54441	31655.08695	47454.67123	19510.74824	31266.73452	6714.954251	1736.722182
PWY-7221	21325.39058	19692.69472	16285.92884	24999.24425	25564.52291	30951.1394	32071.23487	22548.31792	30445.91838	22831.261	28517.99013	30005.84084	19639.31412	29650.3527	30605.02023	14164.96141	16579.63024	17167.03078	27760.54824	33762.52087	16734.24078	32539.88485	4801.705493	1530.688043
PWY-7222	23470.36829	23091.80673	19824.39201	31888.23567	26427.12557	29853.63927	40655.6397	26851.63632	45130.5261	24141.47953	30476.15309	35506.67119	22434.01984	36675.39881	34636.39645	16319.81408	18347.8068	17424.54441	31655.08695	47454.67123	19510.74824	31266.73452	6714.954251	1736.722182
PWY-7228	6820.803772	5507.922429	4434.957331	9620.12392	7080.010211	15299.4725	5172.337392	10507.18873	17280.70824	6655.270386	11421.51579	18833.63444	9612.185591	12019.91383	16494.92126	5158.109844	7917.192348	8165.022418	11303.09414	23338.20695	5024.113828	10120.83515	2539.415972	250.6207784
PWY-7229	23663.58097	22631.00505	15023.22931	25831.29008	27922.75924	32697.96257	37528.47453	24398.1142	36014.80776	25182.95239	31018.99312	32884.82217	21467.80528	31440.76943	33404.82164	15418.38338	18410.34941	18462.43103	31360.22361	38723.67672	19299.34759	34678.39402	5513.656877	1652.884619
PWY-7234	2346.776833	3703.668375	4531.335569	9369.96595	5040.508705	5022.748611	11414.93273	4841.323526	6968.728378	6512.73294	2789.576753	4065.240255	2160.709189	3302.463412	7441.347787	2842.459991	3227.892975	2818.467028	3098.243418	9876.134643	3375.614486	3614.466615	1318.910301	226.6999939
PWY-7237	4685.63	2890.03	531.02	1172.87	2672.35	1793.22	6140.09	3817.61	2557.85	3328.31	2379.82	2498.54	1616.94	3425.85	1364.33	1200.81	1323.1	693.52	4493.67	5194.03	1453.91	4524.85	878.27	171.19
PWY-7242	14356.49045	12116.87136	5300.986177	11490.04603	14372.43709	25523.48796	14880.96932	19574.45317	25665.4989	13805.43142	20233.49999	24001.42431	13986.85156	15801.43547	19742.53309	7891.563227	10158.99133	7574.849311	22073.77807	27005.33669	8850.959741	21397.41574	4354.963198	975.4502898
PWY-7254	1356.825767	5413.068113	1468.541456	6061.801759	1541.588707	1411.468753	1169.508941	2058.930777	1971.739283	555.3083424	1178.276468	752.2735699	469.3350804	2109.998926	3898.125328	866.7912629	2602.139525	2052.189879	1113.768346	11183.25142	1135.189708	921.2905634	557.7071433	37.90009857
PWY-7315	7418.664635	7886.891881	2667.084573	7433.968988	6715.233099	8951.279159	19049.09284	6259.585543	10181.24383	10363.02738	9223.129303	6468.575948	5453.418894	5869.79161	5641.081476	2812.031416	3652.648869	2435.29234	8267.246451	8795.533431	8221.302731	8962.785376	2239.663543	734.1391634
PWY-7323	7055.382129	4871.941094	5538.266255	7341.85449	7351.376811	12241.22722	5607.860495	8825.398064	14447.72688	5096.23744	10117.14783	16708.75782	8529.040846	12226.45231	12510.99533	3566.404475	7613.812979	6468.581757	10724.68435	20177.18158	2958.124186	9016.076142	1642.41472	175.7603355
PWY-7328	1957.834355	1243.983124	1295.459904	5197.84673	1808.809647	2627.974268	946.5610163	3929.272381	4427.538518	4066.281772	3322.346968	4340.829189	836.3615276	2436.961564	2255.707012	1052.700297	1318.108738	1082.544062	1498.871548	3515.006204	1883.821322	2586.788273	540.652745	63.66500734
PWY-7332	2182.782309	1683.642573	3149.748803	5896.930494	2860.072524	810.1216567	1244.943145	1371.720484	629.1480371	284.9972485	2484.210732	2264.236145	1542.970454	11434.6193	1423.126388	845.7613233	582.1936262	3160.265917	2176.255975	5075.925075	1171.417615	1073.977728	164.1154219	0
PWY-7371	110.5	50	350	143	184	351	8.5	785.5	9.5	11.5	405.5	226.5	117	480	444	136.5	201.6	227.1858526	403	359	42	259	0	0
PWY-7373	0	17.64705882	348.9913545	135.4736842	98.29315961	50.01526718	0	0	0	0	0	25.62424242	111.5912409	467.6094276	82.60465116	97.92893401	0	32.17602636	0	0	0	0	0	0
PWY-7374	91.66477273	47.4137931	9.831460674	51.07142857	149.7079277	336.1090909	0	0	0	0	356.0545508	204.7651515	27.85714286	68.57142857	409.1238671	99.70679012	0	0	0	19.35309973	29.16666667	219.7203791	0	0
PWY-7376	17.00386632	361.1169783	38.01842949	227.0055274	47.36999232	23.85487795	0	0	17.18945921	0	5.732726332	114.595066	46.36333868	0	302.68393	0	0	16.04977756	0	75.31293714	3.438644868	0	0	6.769231383
PWY-7377	1193.850161	625.0489512	3824.75987	4251.113843	2777.980783	1338.697913	3083.793721	1786.838743	1036.205585	1035.976628	3270.296058	1606.18414	3309.64902	5789.811086	3374.938011	4208.684398	3813.358676	2769.142758	1809.523518	1881.723799	910.0742437	1717.986486	554.9646356	267.5586877
PWY-7391	7.02957435	156.7665854	5.58725278	64.11442901	20.81643129	10.25719146	0	0	11.53122456	0	3.950475464	40.9458984	9.426672785	0	121.9368893	0	0	6.366582728	0	29.29187076	2.392392908	0	0	4.431918123
PWY-7392	4184.39267	6280.19329	10967.89532	16884.93281	7021.37949	6574.954637	7088.021042	5984.149666	5306.148582	3307.111613	4656.890678	3909.734611	7886.981588	17998.42026	8769.463083	5623.295298	4345.348016	7524.137677	3166.964048	15712.34614	5040.427099	3852.070091	1867.951658	420.26541
PWY-7400	18169.81622	16955.15196	8272.40766	14111.74391	21367.35816	26016.42182	28014.68552	16733.99046	25141.70945	20272.88701	23210.40548	22266.51855	15863.33867	20307.94672	22362.23145	10910.39936	12781.53606	13703.61113	25191.45603	26660.42969	14124.01912	28187.93682	3734.717544	1249.064584
PWY-7431	26.65098672	0	61.1890419	0	64.40346913	114.4279325	94.58062795	98.96704544	98.77772334	80.45834294	222.9775233	120.9092322	0	259.942816	154.2236615	37.28720462	141.8803045	0	77.76723605	148.9041023	54.22028102	69.25301065	37.00293954	0
PWY-7446	0	0	36.84334764	0	62.5	69.5	30.5	46.29	38.5	8	40.08791209	22	0	39.44225074	47	0	33.5	0	18.5	41.5	60.5	33	34.5	0
PWY-7456	3505.482059	1669.186536	1001.745036	1123.159524	4622.418745	4186.013526	2057.92484	6219.327785	1524.638081	1979.975037	6557.664681	8069.36732	3309.997634	4134.502746	4733.177453	2347.855376	4098.332519	3713.650762	2498.988257	3888.318718	1510.629616	6442.18694	782.2086355	99.89927871
PWY-7527	0	0	0	0	0	0	0	156.2902056	0	119.3883904	0	0	0	0	0	0	0	0	0	0	0	0	0	0
PWY-7539	15723.57049	13563.76777	9618.238814	15568.30219	16336.51756	24618.00195	19398.0256	14666.32377	26549.99779	17737.44184	19995.04139	23810.31721	14040.0926	20404.3574	21107.32297	8950.272166	12425.75873	12481.53881	22166.1573	28109.58867	10130.12918	21909.10422	3471.449711	1059.553872
PWY-7560	21048.95334	18870.34641	11871.45799	19987.66505	25012.47104	29760.28934	30193.35954	20034.92906	30178.36255	21874.10677	27612.79446	29034.00963	18723.75176	26621.37944	28985.18465	13276.99947	16354.88701	16385.35518	27885.35799	31709.08668	16101.00276	31378.58128	4412.647501	1408.07822
PWY-7663	25035.542	22660.5429	10302.47032	18429.60052	28033.34924	38344.42793	30580.22998	24682.50912	38709.11554	24616.87537	34539.42343	39063.53835	22992.66596	28677.94453	36745.22499	14849.41361	18613.62511	18339.89327	34588.73654	42305.02056	18649.84292	37413.70417	5749.665353	1616.174892
PWY-7664	9361.228785	6117.475648	2504.207037	8081.540076	12427.74798	22614.04343	5540.5816	10748.91782	27457.87876	9578.732004	15229.29276	27207.51333	12674.7726	13198.92039	23730.51423	5815.083557	12996.56064	13863.22122	19305.665	30630.73554	3955.826577	13315.94447	2893.988282	179.0276633
PWY-841	9894.716977	8219.267592	6250.933826	12834.58743	10554.80186	19889.31507	8363.970786	13630.78369	21653.79096	9800.351006	15688.07849	22773.43186	12496.61784	16233.19152	20823.76296	7148.001903	10540.03454	10766.00233	15564.7154	27314.32022	7394.586929	14688.95998	3218.478857	400.1914839
PWY-922	209.8990184	996.4624182	1746.015683	1933.57466	200.8301203	530.9281006	229.0216659	367.830159	208.2313263	409.476903	219.4226798	128.5212656	368.5056243	330.5051418	712.8335833	288.8240286	465.5372376	850.0401233	198.7331874	2009.197272	489.7786322	122.8132508	298.319648	41.18456852
PWY0-1061	13619.00597	13236.88208	7028.050658	17582.96204	15158.70791	19608.05205	27304.08583	10672.2299	19265.07917	18002.65691	16474.79836	12267.68189	9816.561054	11422.654	14580.80595	7677.606267	8957.901069	9044.893775	13644.85148	16305.94545	13804.92924	17616.99691	3519.228855	1198.447025
PWY0-1241	1180.540831	613.3823151	721.4626856	3024.281512	1321.603937	1249.067836	412.8583707	2873.092849	965.0187988	430.6781274	771.2955186	550.2788977	589.3126354	1504.119687	735.3670527	335.3181739	1894.927137	3176.261465	287.5899761	895.3955573	812.5287867	911.1664453	335.0485009	20.60319969
PWY0-1261	4315.678963	2221.322353	2442.293511	12790.62253	5737.352071	8578.622609	3600.156873	4211.240884	7534.025	2672.402313	5522.101616	6541.139152	4298.702846	5178.036018	9149.617205	2187.431886	6264.6051	10243.0296	2504.689824	6924.071616	4939.101228	7615.681278	2032.309469	154.7567484
PWY0-1277	0	0	233.1016572	0	129.3178426	143.7970806	62.64449878	131.9025941	80.08106929	0	88.60020545	45.81150872	0	63.44859769	97.38766624	0	69.26078068	0	64.17494138	120.9773845	123.6024344	68.64249755	79.40061635	0
PWY0-1296	17516.04132	17378.23354	7160.354045	13501.92882	18606.23069	22097.27417	26683.36541	16950.76299	19011.72451	17115.04713	20567.67984	18562.35625	14305.43987	18441.68283	20396.15582	10960.5315	12216.11566	10616.77472	19465.78318	20539.84118	13932.45642	25732.89081	3871.909831	1341.84033
PWY0-1297	16650.77772	16203.84062	7046.297481	13617.35702	18281.06825	20242.51241	23094.70314	14997.31327	18982.91261	16394.65258	19728.14421	16308.8022	13031.58783	17240.73287	19358.89947	10207.88572	11092.06369	10007.25402	19671.19356	19467.5259	13244.37553	24323.9618	3716.278805	1227.027466
PWY0-1298	16530.5976	16057.97718	8404.889285	14635.07936	18294.36837	20345.35839	23462.37027	14827.75606	19147.91614	16287.60788	19655.8949	16305.20129	12865.46216	17362.29762	19055.53467	9941.747444	10800.27214	9830.611474	19856.61874	19318.1576	12991.62723	24241.06093	3649.079931	1210.805543
PWY0-1319	24673.00075	22885.15666	16812.4007	27106.52249	28934.6132	33601.66405	36856.33442	23478.50362	31771.92594	26035.04922	31461.50425	30705.86206	21648.23101	32710.72975	32814.32761	15746.86295	17919.68243	18957.54423	30618.92598	34225.71195	19698.12668	36810.6361	5336.591087	1770.974665
PWY0-1338	136.6873679	3.337042206	215.3602564	2502.708722	537.470877	522.7638334	302.2081379	407.6042246	823.8984943	197.159253	235.4798997	145.0007301	53.56891013	257.43698	317.815584	100.7758217	260.9661771	51.84891427	216.3920518	745.7247958	482.7419648	291.500046	245.0291722	14.49985559
PWY0-1415	223.1392863	34.4842601	789.3427336	4307.104958	1135.080255	907.0553598	523.1779105	552.8822516	1085.358026	314.2204836	399.3002113	390.2524208	726.2487781	1823.749279	1345.905181	237.7539545	646.0762311	363.5905129	287.0343804	1668.631978	654.7932896	502.4687321	335.4996628	22.07861862
PWY0-1479	1035.981183	130.1748236	1285.084986	6888.048015	2518.18798	2549.274101	2523.609267	1459.022919	3490.315611	1511.303897	993.4480976	2184.853233	1013.855996	1602.690359	3075.788954	1064.57936	2056.326072	3241.636179	1009.254167	3167.48458	1742.748738	2014.871785	603.1164804	72.77678339
PWY0-1533	188.6091058	4.743447214	344.7042821	3379.813124	799.1922901	1112.368835	415.1009898	595.4005352	1222.920702	349.7346279	462.1388362	206.9613911	81.34295577	508.6124699	969.5267	184.451578	498.3237409	72.47020188	444.6223966	1071.891813	741.6551436	466.3755427	430.5070332	19.3022256
PWY0-1586	17327.02698	17563.28856	15926.32262	26006.57151	22130.14125	28865.91967	39848.19851	14466.90359	24192.69565	24846.60076	25845.17173	19770.83199	17014.76578	27154.82813	20828.98509	12162.11931	12501.9553	14515.63906	21756.20594	20523.69082	18518.19428	28257.43927	4640.145432	1774.078417
PWY0-162	9306.103793	7613.083101	5790.450382	12017.32901	9774.280503	19740.05857	7350.695786	13286.73115	20987.50019	9160.059763	14992.64534	22074.0219	12266.53804	15393.75239	20435.83704	6806.462377	10141.58073	10567.03211	14952.80751	26514.11587	6885.096366	13870.85281	3122.792793	355.5120831
PWY0-166	7949.270521	6696.067411	5527.59729	11383.0599	8648.571995	14274.00752	7048.71325	10089.30344	15872.24538	7896.51056	12079.63802	13749.15424	8952.148098	13143.17228	15884.89612	5908.654904	7859.714705	8618.339519	12093.62759	19935.72765	6129.878805	11591.34678	2325.4426	329.2856588
PWY0-321	0	0	50.25748741	0	112.962178	126.1879746	49.25545546	65.22299486	69.88416977	0	62.74888458	40.31857085	0	57.58707391	89.37317558	0	61.18563892	0	34.42072467	156.042563	111.7383879	62.79724222	55.35226754	0
PWY0-41	283.6603795	74.25140922	56.02716369	151.1373413	364.6741535	282.128021	221.4047994	483.0350029	214.7634261	93.27713059	205.0761453	141.596043	0	113.1492239	240.1344599	168.7886103	187.1525716	0	184.7260697	202.8533633	194.7816984	187.5997285	125.6473516	0
PWY0-42	21.98826749	0	376.1723227	551.8169844	113.6102397	92.56540832	36.96429997	86.50451961	76.46532069	34.59856157	59.03764205	26.41577061	0	62.78193605	388.7679127	0	47.82764988	0	61.92324439	624.1197773	89.81751569	56.72408338	49.5403206	0
PWY0-781	7717.492126	8599.1974	5950.428885	12413.41224	10684.77607	9554.649523	19216.62482	7306.936584	13178.36254	12029.85201	8477.742685	7378.186183	8109.327682	10659.19132	11947.79995	6067.432724	7421.256239	8395.890703	8010.49551	16287.86064	6099.04245	10149.72219	2121.794214	544.0510483
PWY0-845	4908.096562	2918.255883	3941.311914	7095.189338	2831.915072	3926.030466	1771.950534	7234.797124	13081.22301	3909.081779	4972.145617	6788.508693	2595.0411	3011.544565	4963.578235	1444.30694	2775.01404	3147.374409	8111.728514	14858.76934	2488.189164	4475.477653	1498.297394	126.5192064
PWY0-862	8374.775686	5402.251113	2201.036381	7303.929818	11238.27546	20808.55464	4845.581135	9692.720036	25669.52962	8586.789225	13754.95411	25355.65808	11590.4442	11941.34987	22032.91923	5219.337256	12193.06642	13109.68109	17682.46543	28708.76591	3474.61898	11891.19	2636.309776	155.3529359
PWY1G-0	20.96874258	220.5991681	376.8834888	569.2669731	39.262486	21.98445277	0	4.372759712	9.373116941	22.47451561	6.248283605	32.10455803	14.86206289	65.3844724	637.1805257	0	39.92222174	75.31617252	83.45368291	1828.557251	5.120496852	12.4908422	0	1.494137572
PWY490-3	5894.628129	5957.329532	1303.890897	1400.978244	4956.35186	1853.68006	7286.566602	5102.892404	3011.728284	3233.514721	3768.089042	3645.03775	2786.360044	3523.67277	7168.10269	4305.011109	2426.809999	1782.451298	2839.462445	2900.308558	3692.616528	6104.442877	843.939064	323.0945329
PWY4FS-7	21350.11514	20518.9767	15302.85924	24427.16589	26454.65546	28446.35787	34292.76336	19189.12531	27395.2629	23698.05564	27430.53444	25161.69861	18392.43429	28953.9479	28053.95599	14072.13575	16082.45042	16834.19241	26729.35764	29717.93461	17985.20874	32513.99286	4770.986709	1584.008584
PWY4FS-8	21350.11514	20518.9767	15302.85924	24427.16589	26454.65546	28446.35787	34292.76336	19189.12531	27395.2629	23698.05564	27430.53444	25161.69861	18392.43429	28953.9479	28053.95599	14072.13575	16082.45042	16834.19241	26729.35764	29717.93461	17985.20874	32513.99286	4770.986709	1584.008584
PWYG-321	9569.881335	6264.49036	2578.759624	8248.085345	12571.65311	22898.23505	5752.315858	11096.06363	28361.98437	9863.782816	15411.43566	27679.35582	12745.34694	13308.45623	24236.73982	5941.303234	12850.1454	13894.28565	19759.71436	31670.67112	4043.937707	13493.45925	2965.450441	184.0132687
PYRIDNUCSAL-PWY	18622.09101	16986.8802	8830.547228	15435.60412	21230.76362	26293.22311	27101.75626	17858.93399	26370.80043	20041.07242	23748.4167	25389.09064	16606.85994	22539.89318	23976.7431	11152.69129	14325.21505	14465.47561	24618.64156	27101.10904	13441.64551	27547.73166	3831.44254	1261.776146
PYRIDNUCSYN-PWY	17164.74154	15048.04641	8943.177764	15361.03345	20430.09282	25305.53773	26273.02781	17554.56444	24896.23157	18334.68563	23255.5775	24139.50773	15144.88337	20357.76319	22964.61546	10635.80511	13868.81733	13591.83895	23378.04274	24738.39729	13078.52483	26155.01323	3693.047126	1223.118752
PYRIDOXSYN-PWY	3454.280678	1931.988332	2889.345143	5102.467399	1959.470728	3028.225754	1211.057644	5289.795903	9831.248241	2588.179477	3720.398732	5401.814414	1976.434589	2233.536581	3838.143665	1055.616011	1987.495789	1960.766831	5793.406683	11500.89618	1645.273252	3189.169037	1074.710759	81.69389423
REDCITCYC	392.4796697	6026.937125	1690.953865	6921.972297	1619.004333	1644.16972	1863.928552	2810.529412	2290.197631	765.9625713	671.614586	518.3714121	420.1629739	2175.243811	4539.181959	608.6459666	857.4108632	691.5020948	1092.680067	12793.52927	1308.585383	796.2325627	646.6982582	43.72589677
RHAMCAT-PWY	8254.656047	5691.866185	2078.579078	5775.607219	6712.620981	15446.67581	6163.661242	10853.52943	17878.73849	9299.999638	13229.69855	17148.94986	8737.658932	9484.103424	12494.04261	4280.605659	5581.913582	3557.659023	12648.42001	18067.74681	4045.599502	12189.21168	2786.748793	417.0487818
RIBOSYN2-PWY	16957.10889	15155.59042	11268.62978	17251.87641	18022.23009	25054.41857	19853.3243	16236.27902	25060.67292	17668.93361	21267.43813	25993.29018	15665.02856	23438.37698	22246.88327	9623.077574	12834.37884	13663.67815	23008.81728	28044.39609	11198.04984	24732.5464	3479.984998	1118.095288
RUMP-PWY	3329.896571	3303.60949	1882.104012	2385.481787	4511.313054	2101.279481	8795.241763	6577.529656	6072.729577	5897.298372	3559.406053	4810.663462	3100.241356	4604.193826	3513.296408	2089.033838	2313.509788	1798.264348	3378.673278	5601.142405	2601.082575	5451.881246	1400.466758	202.3472558
SALVADEHYPOX-PWY	7183.423091	5749.728716	4989.70446	6604.576905	7400.942737	7652.856746	10486.25925	13000.04796	11593.88757	8010.304823	8432.51993	7139.694821	4891.393251	9044.897762	5931.345972	4164.875066	3713.021084	3446.108665	8181.368363	9990.780269	5096.229639	9867.048924	1878.180588	483.0462476
SER-GLYSYN-PWY	21328.66832	19537.49789	12251.10395	17622.76817	24497.61347	28972.52539	31336.90498	22239.97533	28974.87385	22839.72378	26645.35755	27428.90926	18013.73462	24010.39748	27778.02484	12499.821	15432.58952	15573.88036	26888.07402	29836.65691	16285.72109	31446.41309	4361.195551	1442.249396
SO4ASSIM-PWY	2858.552369	2900.064795	817.7646433	4158.264212	2991.309139	1818.211569	2227.676145	4993.856106	2610.956083	1447.27899	3362.186966	2626.897629	973.5097894	1960.938695	6543.926911	1885.669508	2681.511437	1760.173477	1570.837915	6649.893314	2125.559562	4190.621308	830.0680623	88.1215348
SULFATE-CYS-PWY	5492.208124	5450.346588	1672.583734	7132.459225	5821.789734	3792.304566	4583.317882	8694.917316	5279.824385	3013.591309	6511.332321	5277.231218	2048.637491	4009.113296	11282.20463	3546.367334	4916.136052	3463.626589	3292.062549	11790.71968	4063.485967	8066.199535	1500.307204	183.5404686
TCA	6812.234918	6874.194048	6159.132873	11837.31934	9324.216939	12340.61084	9918.411728	10100.34591	16253.25864	10031.90361	9865.116328	16185.83653	6924.586855	12791.9109	13137.45269	5302.714549	8162.990338	8728.658207	8377.92799	18720.21873	5731.506362	10556.10998	2502.716864	339.5024826
TCA-GLYOX-BYPASS	380.8540702	263.3465929	1089.684471	6162.138579	1526.345882	1561.995855	825.6726311	1020.845854	2219.079383	573.6776064	667.1961809	508.819266	305.0957879	1417.610352	2531.317767	475.1433111	822.7918435	236.4282644	719.1687715	3730.891042	1224.165079	784.4423068	612.1465828	42.09091365
TEICHOICACID-PWY	4203.286997	5094.790862	2513.324822	4275.261237	4659.103387	4591.447953	10099.11449	6059.055064	6708.569829	6438.071314	4138.884742	3367.375936	4592.786654	4882.774246	4582.637126	1913.110697	3365.457129	3097.27465	3459.463068	7507.069484	4081.538491	4691.673903	818.6018193	271.1229704
THISYN-PWY	7640.39365	4573.805412	6220.01668	10751.74941	8466.590371	15138.22661	5420.554504	12322.91891	15988.00251	9627.051352	11821.61701	18891.07026	8456.83596	12538.64272	15164.86114	3967.578877	9438.48139	9476.286782	12270.63992	20998.02151	3697.30441	9907.692237	1957.705933	265.4585219
THREOCAT-PWY	0	0	152.6791634	0	337.8826726	350.23897	177.7785968	215.7014768	200.6335865	49.32554074	212.0426608	121.6936439	0	177.0719982	252.0305002	0	194.3832045	0	107.1906074	233.9203184	293.6924928	179.301298	164.1112089	0
THRESYN-PWY	21908.91156	20006.86283	10728.87859	20897.48042	25227.82944	31908.58094	33046.93094	21957.51668	31953.70309	23498.54643	28658.8245	31003.57926	19998.23521	28250.90141	29661.72564	13802.1406	17234.78948	17405.77174	28660.55565	33801.63258	15766.95165	32255.93038	4732.036444	1465.072457
TRNA-CHARGING-PWY	20440.40568	19175.99349	14631.14407	23772.06889	24536.69989	28795.44738	30592.58011	19963.98141	28232.57917	21322.75303	26564.49049	27314.20096	18475.15456	28054.26421	28387.80771	13286.95717	15953.40329	16656.67202	26216.15205	30808.39351	16373.38157	30526.20732	4405.742871	1398.858558
TRPSYN-PWY	18045.12561	16152.43272	5813.06355	11328.53771	19519.44446	26256.10726	21563.97827	16905.21923	27430.26597	20523.78304	23498.95731	25352.61119	15683.3616	18512.97423	22420.06668	9564.180431	12381.94692	12917.89779	25396.82151	30452.42568	12920.76542	26944.91497	3745.469134	1195.705921
TYRFUMCAT-PWY	0	0	0	0	0	0	0	0	0	0	0	0	0	0	161.6252217	0	0	0	0	0	0	0	0	0
UBISYN-PWY	271.9758763	134.9309505	559.9886805	3205.616372	856.5680056	912.5264056	404.1392368	1884.601808	1146.975184	329.503018	593.3612506	275.3369444	149.0157057	624.9687524	718.8301876	190.9837839	499.5344679	238.0330151	1020.473612	2007.813762	827.7457318	551.1063168	363.5046684	18.8113729
UDPNAGSYN-PWY	10770.16045	10268.34739	10850.10939	17696.98988	16822.6764	12019.41139	18229.10081	10545.39016	13853.72494	10711.43026	14584.68866	12408.04867	9450.276337	19565.04316	18444.75293	9426.898352	9814.400362	12245.60483	14095.99108	17158.52359	10460.66379	18259.44111	2165.035155	678.3091174
VALDEG-PWY	158.8961789	0	399.6121542	1520.282156	443.044132	228.2244716	250.2460272	595.4342321	143.2362906	81.65311032	208.9420102	58.82524935	179.2143002	830.4512384	450.638059	232.3781928	117.568604	17.34185718	54.14937389	500.1460374	99.61643797	168.7448114	0	0
VALSYN-PWY	25187.35326	23852.9233	9675.959787	17840.42973	29237.75471	34879.64132	39964.57172	26380.55838	35310.37225	27819.39039	31969.16783	32298.41904	20596.45117	27382.166	32577.42935	15666.0853	18141.71856	18104.6549	32192.15516	36364.65975	18803.83177	37339.70025	5327.816725	1765.608202